sport,id,kind,from_code,code,ut,from_ts,seen_ts,push,push_ts,push_before_poll_s,tab_connected
football,16629972,dropped,20,,Liga Ganadera del Fútbol Ñeembucu,1790871906.151,1790872055.187,False,,,False
football,16629940,dropped,20,,Liga Ganadera del Fútbol Ñeembucu,1790871906.151,1790872055.187,False,,,False
football,17205983,dropped,7,,Oman Professional League Cup,1790872082.95,1790872143.865,True,1790872114.43,29.4,True
football,17174135,code,31,7,FUNAABSU Back to School Championship,1790872143.307,1790872204.468,True,1790872144.134,60.3,True
football,13500866,entered,,6,U21 Euro Qualification,1790872203.558,1790872264.302,True,1790872235.461,28.8,True
football,15934905,entered,,20,IV Liiga,1790872203.558,1790872264.302,True,1790872200.594,63.7,True
football,16648317,entered,,20,"Naisten Nelonen, Eteläinen",1790872203.558,1790872264.302,True,1790872208.45,55.9,True
football,17025060,entered,,6,Liga Alef,1790872203.558,1790872264.302,True,1790872196.343,68.0,True
football,17024938,entered,,6,Liga Alef,1790872203.558,1790872264.302,True,1790872228.34,36.0,True
football,17221558,entered,,20,3. CFL,1790872203.558,1790872264.302,True,1790872201.58,62.7,True
football,16549428,entered,,20,4th Division - Sunnmøre,1790872203.558,1790872264.302,True,1790872200.247,64.1,True
football,17186415,entered,,20,"Thousand Martyrs’ Cup, Centre",1790872203.558,1790872264.302,True,1790872219.129,45.2,True
football,17201631,dropped,20,,EU League,1790872203.558,1790872264.302,True,1790872234.33,30.0,True
football,17203636,dropped,20,,"Thousand Martyrs’ Cup, Centre",1790872203.558,1790872264.302,True,1790872248.364,15.9,True
football,17186408,dropped,20,,"Thousand Martyrs’ Cup, Centre",1790872203.558,1790872264.302,True,1790872212.635,51.7,True
football,17166299,dropped,20,,Cupa României Argeș,1790872203.558,1790872264.302,True,1790872201.418,62.9,True
football,17166296,dropped,20,,Cupa României Argeș,1790872203.558,1790872264.302,True,1790872200.812,63.5,True
football,17166297,dropped,20,,Cupa României Argeș,1790872203.558,1790872264.302,True,1790872200.451,63.9,True
football,17166294,dropped,20,,Cupa României Argeș,1790872203.558,1790872264.302,True,1790872200.981,63.3,True
football,17166292,dropped,20,,Cupa României Argeș,1790872203.558,1790872264.302,True,1790872201.176,63.1,True
football,17212342,code,31,7,Club Friendly Games,1790872263.81,1790872324.756,True,1790872311.777,13.0,True
football,17103320,dropped,7,,The Nathaniel Idowu Unity Cup,1790872263.81,1790872324.756,True,1790872278.394,46.4,True
football,17066273,code,31,7,U17 WAFF Championship,1790872505.37,1790872566.806,True,1790872539.67,27.1,True
football,17025065,code,31,7,Liga Alef,1790872505.37,1790872566.806,True,1790872532.539,34.3,True
football,16549428,code,20,6,4th Division - Sunnmøre,1790872505.37,1790872566.806,True,1790872541.861,24.9,True
football,17227179,code,6,7,Dynasty Scouting League,1790872565.958,1790872627.126,True,1790872612.054,15.1,True
football,17222094,code,6,7,"Thousand Martyrs’ Cup, South",1790872565.958,1790872627.126,True,1790872603.792,23.3,True
football,17222087,code,6,7,"Thousand Martyrs’ Cup, South",1790872626.243,1790872686.83,True,1790872625.791,61.0,True
football,17198250,code,6,7,Esiliiga Women's,1790872686.435,1790872747.11,True,1790872686.893,60.2,True
football,17081548,code,6,31,UAE League Cup,1790872746.667,1790872807.392,True,1790872774.621,32.8,True
football,17174130,code,31,7,FUNAABSU Back to School Championship,1790872927.564,1790872988.682,True,1790872952.812,35.9,True
football,15750075,code,6,31,Kolmonen,1790873048.806,1790873109.546,True,1790873063.884,45.7,True
football,16994056,code,6,31,Norwegian Football Cup,1790873048.806,1790873109.546,True,1790873089.465,20.1,True
football,17174130,dropped,7,,FUNAABSU Back to School Championship,1790873048.806,1790873109.546,True,1790872952.812,156.7,True
football,17018510,entered,,6,UEFA Women's Champions League,1790873109.02,1790873170.048,True,1790873133.412,36.6,True
football,15729993,entered,,20,"Nelonen, Eteläinen",1790873109.02,1790873170.048,True,1790873108.374,61.7,True
football,16379147,code,6,31,Israel National League,1790873109.02,1790873170.048,True,1790873113.841,56.2,True
football,16433704,code,6,31,"Betclic 3. Liga, Group 4",1790873109.02,1790873170.048,True,1790873128.24,41.8,True
football,17018516,entered,,6,UEFA Women's Champions League,1790873169.426,1790873230.335,True,1790873187.559,42.8,True
football,17220537,code,6,31,Club Friendly Games,1790873169.426,1790873230.335,True,1790873166.66,63.7,True
football,17212336,code,6,31,U20 Friendly Games,1790873169.426,1790873230.335,True,1790873165.895,64.4,True
football,16449740,entered,,6,OÖ Liga,1790873169.426,1790873230.335,True,1790873183.678,46.7,True
football,16379143,code,6,31,Israel National League,1790873169.426,1790873230.335,True,1790873173.439,56.9,True
football,16379139,code,6,31,Israel National League,1790873169.426,1790873230.335,True,1790873200.089,30.2,True
football,16379148,code,6,31,Israel National League,1790873169.426,1790873230.335,True,1790873170.456,59.9,True
football,16379142,code,6,31,Israel National League,1790873169.426,1790873230.335,True,1790873188.228,42.1,True
football,17025067,code,6,31,Liga Alef,1790873169.426,1790873230.335,True,1790873206.926,23.4,True
football,17232735,code,6,31,Liga Bet North B,1790873169.426,1790873230.335,True,1790873172.573,57.8,True
football,13500867,code,6,31,U21 Euro Qualification,1790873229.696,1790873290.677,True,1790873254.137,36.5,True
football,16379144,code,6,31,Israel National League,1790873229.696,1790873290.677,True,1790873230.34,60.3,True
football,16379145,code,6,31,Israel National League,1790873229.696,1790873290.677,True,1790873233.225,57.5,True
football,16964287,code,6,31,Jordan 1st Division,1790873229.696,1790873290.677,True,1790873231.593,59.1,True
football,16964285,code,6,31,Jordan 1st Division,1790873229.696,1790873290.677,True,1790873258.282,32.4,True
football,16994062,code,6,31,Norwegian Football Cup,1790873229.696,1790873290.677,True,1790873262.671,28.0,True
football,15534238,code,6,31,UEFA Nations League,1790873290.136,1790873351.002,True,1790873296.699,54.3,True
football,16379151,code,6,31,Israel National League,1790873290.136,1790873351.002,True,1790873295.7,55.3,True
football,16980356,code,6,31,Norwegian Football Cup,1790873290.136,1790873351.002,True,1790873290.327,60.7,True
football,17229712,dropped,7,,Pakistan Challenger Cup,1790873350.4,1790873411.221,True,1790873406.014,5.2,True
football,17027522,code,6,31,Ghana Premier League,1790873410.816,1790873471.923,True,1790873433.518,38.4,True
football,16964280,code,6,31,Jordan 1st Division,1790873410.816,1790873471.923,True,1790873416.133,55.8,True
football,17066273,dropped,7,,U17 WAFF Championship,1790873471.028,1790873531.912,True,1790873511.843,20.1,True
football,17018601,code,6,31,Africa Cup of Nations Qual.,1790873531.377,1790873592.605,True,1790873552.43,40.2,True
football,17212337,code,6,31,U23 Friendly Games,1790873531.377,1790873592.605,True,1790873576.946,15.7,True
football,17226004,code,6,31,Camp. De Reser De Primera Division B Metropolitana,1790873531.377,1790873592.605,True,1790873527.43,65.2,True
football,17102856,dropped,7,,Stars Cup,1790873531.377,1790873592.605,True,1790873537.101,55.5,True
football,13500868,dropped,7,,U21 Euro Qualification,1790873592.077,1790873652.985,True,1790873594.512,58.5,True
football,17154782,code,6,31,Finale Cup,1790873652.375,1790873713.207,True,1790873665.66,47.5,True
football,17229718,dropped,7,,Pakistan Challenger Cup,1790873712.644,1790873780.852,True,1790873702.492,78.4,True
football,17081548,code,31,7,UAE League Cup,1790873772.893,1790873833.963,True,1790873778.472,55.5,True
football,17232504,entered,,6,Camp. De Reser De Primera Division B Metropolitana,1790873833.538,1790873894.252,True,1790873880.901,13.4,True
football,17174135,dropped,7,,FUNAABSU Back to School Championship,1790873833.538,1790873894.252,True,1790873839.836,54.4,True
football,16795361,entered,,20,Liga Kadeti /Juniori Varaždinske županije U18,1790873953.992,1790874014.64,True,1790874003.417,11.2,True
football,15935357,entered,,20,"Vitonen, Läntinen",1790873953.992,1790874014.64,True,1790874003.667,11.0,True
football,16784019,entered,,20,"Seiska, Eteläinen",1790873953.992,1790874014.64,True,1790874003.567,11.1,True
football,16600100,entered,,20,Kreisliga A Darmstadt,1790873953.992,1790874014.64,True,1790874003.272,11.4,True
football,17125287,entered,,20,Kreisoberliga Waldeck-Frankenberg,1790873953.992,1790874014.64,True,1790874003.068,11.6,True
football,16379148,code,31,7,Israel National League,1790873953.992,1790874014.64,True,1790874004.167,10.5,True
football,16379147,code,31,7,Israel National League,1790873953.992,1790874014.64,True,1790874004.068,10.6,True
football,16496485,entered,,20,4th Division - Buskerud,1790873953.992,1790874014.64,True,1790874002.767,11.9,True
football,17232791,entered,,20,Liga Ganadera del Fútbol Ñeembucu,1790873953.992,1790874014.64,True,1790874002.919,11.7,True
football,16433704,code,31,7,"Betclic 3. Liga, Group 4",1790873953.992,1790874014.64,True,1790873972.341,42.3,True
football,16929687,dropped,20,,Zagrebačka liga veterana - 2. liga,1790873953.992,1790874014.64,True,1790874002.023,12.6,True
football,16905174,dropped,20,,Liga Veterana 1. ŽNL Koprivničko-križevačka,1790873953.992,1790874014.64,True,1790874001.217,13.4,True
football,16905194,dropped,20,,Liga Veterana 1. ŽNL Koprivničko-križevačka,1790873953.992,1790874014.64,True,1790874002.518,12.1,True
football,16905192,dropped,20,,Liga Veterana 1. ŽNL Koprivničko-križevačka,1790873953.992,1790874014.64,True,1790874001.367,13.3,True
football,16905176,dropped,20,,Liga Veterana 1. ŽNL Koprivničko-križevačka,1790873953.992,1790874014.64,True,1790874001.517,13.1,True
football,16905104,dropped,20,,Liga Veterana 2. ŽNL Koprivničko-križevačka,1790873953.992,1790874014.64,True,1790874001.673,13.0,True
football,16905103,dropped,20,,Liga Veterana 2. ŽNL Koprivničko-križevačka,1790873953.992,1790874014.64,True,1790874000.829,13.8,True
football,16905106,dropped,20,,Liga Veterana 2. ŽNL Koprivničko-križevačka,1790873953.992,1790874014.64,True,1790874002.518,12.1,True
football,17189517,dropped,20,,U17 Kup Kadeti Zadar,1790873953.992,1790874014.64,True,1790874001.824,12.8,True
football,16887931,dropped,20,,MLSZ Régionális U19 Alap Északnyugati Csoport,1790873953.992,1790874014.64,True,1790874000.968,13.7,True
football,17228936,entered,,6,Club Friendly Games,1790874014.216,1790874075.115,True,1790874050.134,25.0,True
football,15750075,code,31,7,Kolmonen,1790874014.216,1790874075.115,True,1790874034.017,41.1,True
football,15729994,entered,,20,"Nelonen, Eteläinen",1790874014.216,1790874075.115,True,1790874008.184,66.9,True
football,15729996,entered,,20,"Nelonen, Eteläinen",1790874014.216,1790874075.115,True,1790874009.967,65.1,True
football,15729995,entered,,20,"Nelonen, Eteläinen",1790874014.216,1790874075.115,True,1790874010.076,65.0,True
football,15830494,entered,,20,"Nelonen, Eteläinen",1790874014.216,1790874075.115,True,1790874009.817,65.3,True
football,15830780,entered,,20,"Nelonen, Läntinen",1790874014.216,1790874075.115,True,1790874009.709,65.4,True
football,16783961,entered,,20,"Seiska, Eteläinen",1790874014.216,1790874075.115,True,1790874008.934,66.2,True
football,16018535,entered,,20,"Naisten Kolmonen, Läntinen",1790874014.216,1790874075.115,True,1790874009.601,65.5,True
football,17219537,entered,,6,Liga Bet South A,1790874014.216,1790874075.115,True,1790874022.134,53.0,True
football,17232735,code,31,7,Liga Bet North B,1790874014.216,1790874075.115,True,1790874054.433,20.7,True
football,16994056,code,31,7,Norwegian Football Cup,1790874014.216,1790874075.115,True,1790874016.285,58.8,True
football,17232791,code,20,6,Liga Ganadera del Fútbol Ñeembucu,1790874014.216,1790874075.115,True,1790874054.492,20.6,True
football,17212336,code,31,7,U20 Friendly Games,1790874074.686,1790874135.92,True,1790874069.666,66.3,True
football,16379143,code,31,7,Israel National League,1790874074.686,1790874135.92,True,1790874090.531,45.4,True
football,16379142,code,31,7,Israel National League,1790874074.686,1790874135.92,True,1790874068.519,67.4,True
football,16994062,code,31,7,Norwegian Football Cup,1790874074.686,1790874135.92,True,1790874085.913,50.0,True
football,17220537,code,31,7,Club Friendly Games,1790874135.008,1790874195.763,True,1790874184.688,11.1,True
football,13500867,code,31,7,U21 Euro Qualification,1790874135.008,1790874195.763,True,1790874184.729,11.0,True
football,17232509,entered,,6,Camp. De Reser De Primera Division B Metropolitana,1790874135.008,1790874195.763,True,1790874161.064,34.7,True
football,16379139,code,31,7,Israel National League,1790874135.008,1790874195.763,True,1790874183.762,12.0,True
football,16379145,code,31,7,Israel National League,1790874135.008,1790874195.763,True,1790874135.921,59.8,True
football,16379151,code,31,7,Israel National League,1790874135.008,1790874195.763,True,1790874152.313,43.5,True
football,17025067,code,31,7,Liga Alef,1790874135.008,1790874195.763,True,1790874165.14,30.6,True
football,16973955,entered,,6,Maltese Women's League,1790874135.008,1790874195.763,True,1790874169.662,26.1,True
football,17232497,entered,,6,Camp. De Reser De Primera Division B Metropolitana,1790874195.29,1790874256.311,True,1790874205.845,50.5,True
football,17232500,entered,,6,Camp. De Reser De Primera Division B Metropolitana,1790874195.29,1790874256.311,True,1790874219.728,36.6,True
football,16379144,code,31,7,Israel National League,1790874195.29,1790874256.311,True,1790874231.928,24.4,True
football,17101293,dropped,7,,Liga Brasil Endanonados,1790874195.29,1790874256.311,True,1790874224.194,32.1,True
football,17101294,dropped,7,,Liga Brasil Endanonados,1790874195.29,1790874256.311,True,1790874210.885,45.4,True
football,16014202,dropped,20,,"Nelonen, Eteläinen",1790874195.29,1790874256.311,True,1790874233.501,22.8,True
football,15534238,code,31,7,UEFA Nations League,1790874255.683,1790874316.928,True,1790874276.342,40.6,True
football,13500870,entered,,6,U21 Euro Qualification,1790874255.683,1790874316.928,True,1790874269.716,47.2,True
football,16964280,code,31,7,Jordan 1st Division,1790874255.683,1790874316.928,True,1790874290.963,26.0,True
football,16964287,code,31,7,Jordan 1st Division,1790874255.683,1790874316.928,True,1790874250.42,66.5,True
football,16964285,code,31,7,Jordan 1st Division,1790874255.683,1790874316.928,True,1790874280.482,36.4,True
football,16980356,code,31,7,Norwegian Football Cup,1790874255.683,1790874316.928,True,1790874294.731,22.2,True
football,17230713,dropped,7,,Camp. De Reser De Primera Division B Metropolitana,1790874255.683,1790874316.928,True,1790874291.33,25.6,True
football,16278790,code,6,31,St. Petersburg Higher League,1790874315.962,1790874376.835,True,1790874321.458,55.4,True
football,16719696,entered,,6,NCAA,1790874315.962,1790874376.835,True,1790874342.682,34.2,True
football,17139489,dropped,7,,Rafa Premier League Jalingo,1790874315.962,1790874376.835,True,1790874316.209,60.6,True
football,16752470,entered,,6,"NCAA Regular Season, Women",1790874376.217,1790874437.068,True,1790874402.745,34.3,True
football,17139488,dropped,7,,Rafa Premier League Jalingo,1790874376.217,1790874437.068,True,1790874394.213,42.9,True
football,17154782,code,31,7,Finale Cup,1790874436.543,1790874497.609,True,1790874475.644,22.0,True
football,17222094,dropped,7,,"Thousand Martyrs’ Cup, South",1790874436.543,1790874497.609,True,1790874445.645,52.0,True
football,17222087,dropped,7,,"Thousand Martyrs’ Cup, South",1790874436.543,1790874497.609,True,1790874457.394,40.2,True
football,16496485,code,20,6,4th Division - Buskerud,1790874496.763,1790874557.586,True,1790874516.909,40.7,True
football,17232216,dropped,7,,Campeonato Defeso de Bairro Militar ,1790874557.03,1790874617.75,True,1790874554.055,63.7,True
football,17027522,code,31,7,Ghana Premier League,1790874617.272,1790874678.473,True,1790874674.184,4.3,True
football,17212337,code,31,7,U23 Friendly Games,1790874677.49,1790874738.621,True,1790874727.848,10.8,True
football,17018601,code,31,7,Africa Cup of Nations Qual.,1790874737.995,1790874798.704,True,1790874789.033,9.7,True
football,17226004,code,31,7,Camp. De Reser De Primera Division B Metropolitana,1790874737.995,1790874798.704,True,1790874738.312,60.4,True
football,15729997,entered,,20,"Nelonen, Eteläinen",1790874858.558,1790874920.019,True,1790874909.238,10.8,True
football,15830498,entered,,20,"Nelonen, Eteläinen",1790874858.558,1790874920.019,True,1790874908.633,11.4,True
football,16745847,entered,,20,"Naisten Nelonen, Eteläinen",1790874858.558,1790874920.019,True,1790874908.833,11.2,True
football,17102858,entered,,6,Stars Cup,1790874858.558,1790874920.019,True,1790874906.333,13.7,True
football,17226007,entered,,6,Camp. De Reser De Primera Division B Metropolitana,1790874918.878,1790874980.285,True,1790874957.965,22.3,True
football,13500866,code,6,31,U21 Euro Qualification,1790874979.382,1790875040.521,True,1790875011.89,28.6,True
football,17025060,code,6,31,Liga Alef,1790874979.382,1790875040.521,True,1790875024.053,16.5,True
football,17102857,entered,,6,Stars Cup,1790874979.382,1790875040.521,True,1790874978.264,62.3,True
football,17198250,dropped,7,,Esiliiga Women's,1790874979.382,1790875040.521,True,1790874989.231,51.3,True
football,17024938,code,6,31,Liga Alef,1790875039.832,1790875100.99,True,1790875056.869,44.1,True
football,17212342,dropped,7,,Club Friendly Games,1790875039.832,1790875100.99,True,1790875060.502,40.5,True
football,17227179,dropped,7,,Dynasty Scouting League,1790875100.147,1790875161.596,True,1790875136.578,25.0,True
football,16549428,code,6,31,4th Division - Sunnmøre,1790875220.898,1790875281.947,True,1790875228.272,53.7,True
football,16278790,code,31,7,St. Petersburg Higher League,1790875341.714,1790875403.335,True,1790875341.418,61.9,True
football,17025065,dropped,7,,Liga Alef,1790875402.481,1790875464.578,True,1790875426.986,37.6,True
football,17232238,entered,,6,Campeonato Defeso de Bairro Militar ,1790875462.755,1790875532.804,True,1790875489.447,43.4,True
football,17028782,dropped,20,,Klasa A - Proton VII,1790875462.755,1790875532.804,True,1790875500.363,32.4,True
football,16976038,entered,,20,Kreispokal Darmstadt,1790875764.265,1790875825.32,True,1790875804.12,21.2,True
football,17077324,entered,,20,Kreispokal Groß-Gerau,1790875764.265,1790875825.32,True,1790875804.726,20.6,True
football,17213445,entered,,20,Bezirkspokal Batterie Cup,1790875764.265,1790875825.32,True,1790875804.359,21.0,True
football,17213449,entered,,20,Bezirkspokal Batterie Cup,1790875764.265,1790875825.32,True,1790875804.643,20.7,True
football,17213447,entered,,20,Bezirkspokal Batterie Cup,1790875764.265,1790875825.32,True,1790875804.885,20.4,True
football,17213444,entered,,20,Bezirkspokal Batterie Cup,1790875764.265,1790875825.32,True,1790875804.953,20.4,True
football,17213503,entered,,20,Bezirkspokal Batterie Cup,1790875764.265,1790875825.32,True,1790875805.086,20.2,True
football,17213491,entered,,20,Bezirkspokal Batterie Cup,1790875764.265,1790875825.32,True,1790875805.218,20.1,True
football,17213486,entered,,20,Bezirkspokal Batterie Cup,1790875764.265,1790875825.32,True,1790875803.985,21.3,True
football,17213516,entered,,20,Bezirkspokal Batterie Cup,1790875764.265,1790875825.32,True,1790875805.362,20.0,True
football,17213513,entered,,20,Bezirkspokal Batterie Cup,1790875764.265,1790875825.32,True,1790875805.442,19.9,True
football,17213518,entered,,20,Bezirkspokal Batterie Cup,1790875764.265,1790875825.32,True,1790875805.528,19.8,True
football,17213498,entered,,20,Bezirkspokal Batterie Cup,1790875764.265,1790875825.32,True,1790875803.919,21.4,True
football,17213495,entered,,20,Bezirkspokal Batterie Cup,1790875764.265,1790875825.32,True,1790875805.668,19.7,True
football,17213509,entered,,20,Bezirkspokal Batterie Cup,1790875764.265,1790875825.32,True,1790875805.742,19.6,True
football,17213488,entered,,20,Bezirkspokal Batterie Cup,1790875764.265,1790875825.32,True,1790875805.877,19.4,True
football,16781361,entered,,20,Krombacher Pokal Reservemannschaften,1790875764.265,1790875825.32,True,1790875804.502,20.8,True
football,16781369,entered,,20,Krombacher Pokal Reservemannschaften,1790875764.265,1790875825.32,True,1790875804.209,21.1,True
football,16667654,entered,,20,4th Division - Vestfold,1790875764.265,1790875825.32,True,1790875806.503,18.8,True
football,16667652,entered,,20,4th Division - Vestfold,1790875764.265,1790875825.32,True,1790875806.025,19.3,True
football,16667650,entered,,20,4th Division - Vestfold,1790875764.265,1790875825.32,True,1790875806.169,19.2,True
football,16667648,entered,,20,4th Division - Vestfold,1790875764.265,1790875825.32,True,1790875806.302,19.0,True
football,16736944,dropped,20,,"Naisten Nelonen, Eteläinen",1790875764.265,1790875825.32,True,1790875808.468,16.9,True
football,16449014,entered,,6,Landesliga Niederosterreich,1790875824.536,1790875886.014,True,1790875845.901,40.1,True
football,17082591,entered,,20,Footy Tilburg,1790875824.536,1790875886.014,True,1790875855.844,30.2,True
football,17018516,code,6,31,UEFA Women's Champions League,1790875945.341,1790876006.125,True,1790875962.132,44.0,True
football,13500866,code,31,7,U21 Euro Qualification,1790875945.341,1790876006.125,True,1790875967.68,38.4,True
football,16449740,code,6,31,OÖ Liga,1790875945.341,1790876006.125,True,1790875954.047,52.1,True
football,17024938,code,31,7,Liga Alef,1790875945.341,1790876006.125,True,1790875988.939,17.2,True
football,17219539,entered,,6,Liga Bet South A,1790875945.341,1790876006.125,True,1790875940.752,65.4,True
football,17025060,code,31,7,Liga Alef,1790876005.481,1790876082.079,True,1790876026.115,56.0,True
football,16549428,code,31,7,4th Division - Sunnmøre,1790876005.481,1790876082.079,True,1790876063.13,18.9,True
football,17018510,code,6,31,UEFA Women's Champions League,1790876065.871,1790876128.579,True,1790876081.732,46.8,True
football,17162097,entered,,6,Copa Federación,1790876125.948,1790876187.544,True,1790876179.278,8.3,True
football,15830492,dropped,20,,"Nelonen, Eteläinen",1790876369.216,1790876430.908,True,1790876394.837,36.1,True
football,17232504,code,6,31,Camp. De Reser De Primera Division B Metropolitana,1790876551.016,1790876612.117,True,1790876584.705,27.4,True
football,16449740,code,31,7,OÖ Liga,1790876671.483,1790876732.395,True,1790876722.155,10.2,True
football,16719695,entered,,6,NCAA,1790876671.483,1790876732.395,True,1790876679.628,52.8,True
football,17228936,code,6,31,Club Friendly Games,1790876731.731,1790876792.838,True,1790876780.57,12.3,True
football,17219537,code,6,31,Liga Bet South A,1790876792.141,1790876853.244,True,1790876795.863,57.4,True
football,17018516,code,31,7,UEFA Women's Champions League,1790876852.507,1790876913.491,True,1790876867.208,46.3,True
football,17232509,code,6,31,Camp. De Reser De Primera Division B Metropolitana,1790876852.507,1790876913.491,True,1790876855.494,58.0,True
football,16994056,dropped,7,,Norwegian Football Cup,1790876852.507,1790876913.491,True,1790876870.065,43.4,True
football,16433704,dropped,7,,"Betclic 3. Liga, Group 4",1790876852.507,1790876913.491,True,1790876870.549,42.9,True
football,17081548,dropped,7,,UAE League Cup,1790876852.507,1790876913.491,True,1790876858.65,54.8,True
football,17232497,code,6,31,Camp. De Reser De Primera Division B Metropolitana,1790876912.775,1790876974.284,True,1790876918.58,55.7,True
football,17232500,code,6,31,Camp. De Reser De Primera Division B Metropolitana,1790876912.775,1790876974.284,True,1790876950.789,23.5,True
football,16973955,code,6,31,Maltese Women's League,1790876912.775,1790876974.284,True,1790876943.041,31.2,True
football,17220537,dropped,7,,Club Friendly Games,1790876912.775,1790876974.284,True,1790876955.028,19.3,True
football,17212336,dropped,7,,U20 Friendly Games,1790876912.775,1790876974.284,True,1790876922.52,51.8,True
football,17018510,code,31,7,UEFA Women's Champions League,1790876973.15,1790877034.392,True,1790876980.945,53.4,True
football,17196214,entered,,7,U15 Campeonato Defeso do Sector de São Domingos ,1790876973.15,1790877034.392,True,1790876980.962,53.4,True
football,16379143,dropped,7,,Israel National League,1790876973.15,1790877034.392,True,1790877001.056,33.3,True
football,16379147,dropped,7,,Israel National League,1790876973.15,1790877034.392,True,1790877002.526,31.9,True
football,17232735,dropped,7,,Liga Bet North B,1790876973.15,1790877034.392,True,1790876984.669,49.7,True
football,16994062,dropped,7,,Norwegian Football Cup,1790876973.15,1790877034.392,True,1790877019.756,14.6,True
football,13500870,code,6,31,U21 Euro Qualification,1790877033.644,1790877094.596,True,1790877035.305,59.3,True
football,16379148,dropped,7,,Israel National League,1790877033.644,1790877094.596,True,1790877088.653,5.9,True
football,16379145,dropped,7,,Israel National League,1790877093.913,1790877155.448,True,1790877117.925,37.5,True
football,15534238,dropped,7,,UEFA Nations League,1790877154.287,1790877215.381,True,1790877198.852,16.5,True
football,13500867,dropped,7,,U21 Euro Qualification,1790877154.287,1790877215.381,True,1790877168.408,47.0,True
football,16379142,dropped,7,,Israel National League,1790877154.287,1790877215.381,True,1790877186.456,28.9,True
football,15750075,dropped,7,,Kolmonen,1790877214.851,1790877275.747,True,1790877212.345,63.4,True
football,16379139,dropped,7,,Israel National League,1790877214.851,1790877275.747,True,1790877195.4,80.3,True
football,16379151,dropped,7,,Israel National League,1790877214.851,1790877275.747,True,1790877241.177,34.6,True
football,17154782,code,7,32,Finale Cup,1790877275.237,1790877336.052,True,1790877296.602,39.4,True
football,16379144,dropped,7,,Israel National League,1790877275.237,1790877336.052,True,1790877241.739,94.3,True
football,16980356,dropped,7,,Norwegian Football Cup,1790877275.237,1790877336.052,True,1790877328.163,7.9,True
football,16496485,code,6,31,4th Division - Buskerud,1790877335.456,1790877396.333,True,1790877360.716,35.6,True
football,17154782,code,32,41,Finale Cup,1790877395.677,1790877457.423,True,1790877418.409,39.0,True
football,16719695,code,6,31,NCAA,1790877395.677,1790877457.423,True,1790877406.966,50.5,True
football,16719696,code,6,31,NCAA,1790877395.677,1790877457.423,True,1790877407.415,50.0,True
football,17025067,dropped,7,,Liga Alef,1790877395.677,1790877457.423,True,1790877436.798,20.6,True
football,16964285,dropped,7,,Jordan 1st Division,1790877395.677,1790877457.423,True,1790877404.449,53.0,True
football,17186126,entered,,7,Tournoi de Football Zone 3 de Gatt-Bambey,1790877456.521,1790877517.121,True,1790877484.261,32.9,True
football,16600100,dropped,20,,Kreisliga A Darmstadt,1790877456.521,1790877517.121,True,1790877506.245,10.9,True
football,17232504,code,31,7,Camp. De Reser De Primera Division B Metropolitana,1790877516.814,1790877632.132,True,1790877594.123,38.0,False
football,16990204,entered,,6,Campeonato de Reserva de Primera División,1790877516.814,1790877632.132,True,1790877603.202,28.9,False
football,16705698,entered,,6,"Carioca, Série B2",1790877516.814,1790877632.132,False,,,False
football,16609174,entered,,6,"Carioca, Série B2",1790877516.814,1790877632.132,True,1790877601.277,30.9,False
football,16627833,entered,,20,Kreisoberliga Frankfurt,1790877516.814,1790877632.132,True,1790877602.018,30.1,False
football,16781364,entered,,20,Krombacher Pokal Reservemannschaften,1790877516.814,1790877632.132,True,1790877601.897,30.2,False
football,16781358,entered,,20,Krombacher Pokal Reservemannschaften,1790877516.814,1790877632.132,True,1790877600.557,31.6,False
football,17232792,entered,,20,Liga Ganadera del Fútbol Ñeembucu,1790877516.814,1790877632.132,True,1790877600.44,31.7,False
football,16961144,entered,,20,3. Liga FVNWS,1790877516.814,1790877632.132,True,1790877602.165,30.0,False
football,17098434,entered,,20,3. Liga FVRZ,1790877516.814,1790877632.132,True,1790877602.296,29.8,False
football,17219481,entered,,20,4e Ligue ACVF,1790877516.814,1790877632.132,True,1790877602.527,29.6,False
football,17219480,entered,,20,4e Ligue ACVF,1790877516.814,1790877632.132,True,1790877602.413,29.7,False
football,17064981,entered,,20,SFFS Serie A (FVNWS),1790877516.814,1790877632.132,True,1790877601.761,30.4,False
football,16752470,code,6,31,"NCAA Regular Season, Women",1790877516.814,1790877632.132,True,1790877607.77,24.4,False
football,16976038,dropped,20,,Kreispokal Darmstadt,1790877516.814,1790877632.132,True,1790877541.494,90.6,False
football,17226007,code,6,31,Camp. De Reser De Primera Division B Metropolitana,1790877611.56,1790877672.482,False,,,False
football,16990194,entered,,6,Campeonato de Reserva de Primera División,1790877611.56,1790877672.482,False,,,False
football,16496485,code,31,7,4th Division - Buskerud,1790877611.56,1790877672.482,False,,,False
football,17226004,dropped,7,,Camp. De Reser De Primera Division B Metropolitana,1790877611.56,1790877672.482,False,,,False
football,16964280,dropped,7,,Jordan 1st Division,1790877611.56,1790877672.482,False,,,False
football,17228936,code,31,7,Club Friendly Games,1790877671.902,1790877732.871,False,,,False
football,16990205,entered,,6,Campeonato de Reserva de Primera División,1790877671.902,1790877732.871,False,,,False
football,17018601,dropped,7,,Africa Cup of Nations Qual.,1790877671.902,1790877732.871,False,,,False
football,17027522,dropped,7,,Ghana Premier League,1790877671.902,1790877732.871,False,,,False
football,16964287,dropped,7,,Jordan 1st Division,1790877671.902,1790877732.871,False,,,False
football,16705699,entered,,6,"Carioca, Série B2",1790877732.258,1790877793.125,False,,,False
football,17206717,entered,,6,"Primera División, Reserves, Apertura",1790877732.258,1790877793.125,False,,,False
football,17102858,code,6,31,Stars Cup,1790877732.258,1790877793.125,False,,,False
football,17212337,dropped,7,,U23 Friendly Games,1790877732.258,1790877793.125,False,,,False
football,17232497,code,31,7,Camp. De Reser De Primera Division B Metropolitana,1790877792.553,1790877853.668,False,,,False
football,17232547,entered,,6,Camp. De Reser De Primera Division B Metropolitana,1790877792.553,1790877853.668,False,,,False
football,17219537,code,31,7,Liga Bet South A,1790877792.553,1790877853.668,False,,,False
football,16973955,code,31,7,Maltese Women's League,1790877792.553,1790877853.668,False,,,False
football,17102857,code,6,31,Stars Cup,1790877792.553,1790877853.668,False,,,False
tennis,17225611,entered,,8,UTR Lincoln M01,1790872083.465,1790872144.551,True,1790872080.796,63.8,True
tennis,17225866,dropped,10,,"ITF W15 Nashville, TN Women",1790872143.866,1790872204.78,True,1790872151.345,53.4,True
tennis,17163396,dropped,10,,"Mouilleron-Le-Captif, France, Doubles",1790872204.469,1790872265.012,True,1790872219.114,45.9,True
tennis,17225588,dropped,9,,"ITF M15 Ann Arbor, MI Men ",1790872204.469,1790872265.012,True,1790872214.513,50.5,True
tennis,17163488,dropped,9,,"Porto 2, Portugal, Doubles",1790872264.302,1790872325.273,True,1790872293.647,31.6,True
tennis,17225613,entered,,8,UTR Lincoln M01,1790872324.756,1790872385.627,True,1790872359.426,26.2,True
tennis,17226337,dropped,10,,UTR Lincoln M01,1790872384.974,1790872446.343,True,1790872383.492,62.9,True
tennis,17163489,code,9,10,"Porto 2, Portugal, Doubles",1790872505.923,1790872567.232,True,1790872506.288,60.9,True
tennis,17163549,code,9,10,"Colombus, USA Men Singles",1790872566.807,1790872627.499,True,1790872593.51,34.0,True
tennis,17163557,entered,,8,"Colombus, USA Men Singles",1790872566.807,1790872627.499,True,1790872614.35,13.1,True
tennis,17225412,entered,,8,"ITF M15 Ann Arbor, MI Men ",1790872566.807,1790872627.499,True,1790872590.537,37.0,True
tennis,17225853,dropped,9,,ITF W15 Trelew Women,1790872627.126,1790872687.956,True,1790872633.287,54.7,True
tennis,17163388,code,9,10,"Mouilleron-Le-Captif, France",1790872686.83,1790872748.309,True,1790872683.285,65.0,True
tennis,17225414,entered,,8,"ITF M15 Ann Arbor, MI Men ",1790872747.111,1790872808.505,True,1790872798.138,10.4,True
tennis,17224021,dropped,10,,ITF W35 Baza Women Doubles,1790872807.392,1790872868.832,True,1790872848.2,20.6,True
tennis,17225858,code,9,10,ITF W15 Trelew Women,1790872867.714,1790872928.781,True,1790872875.072,53.7,True
tennis,17226193,dropped,9,,"ITF M15 Fayetteville, AR Men",1790872867.714,1790872928.781,True,1790872914.079,14.7,True
tennis,17223345,code,8,9,ITF M25 Zaragoza Men,1790873049.357,1790873110.298,True,1790873082.198,28.1,True
tennis,17226194,entered,,8,"ITF M15 Fayetteville, AR Men",1790873109.546,1790873170.679,True,1790873158.928,11.8,True
tennis,17223348,code,8,9,ITF M25 Zaragoza Men Doubles,1790873109.546,1790873170.679,True,1790873111.219,59.5,True
tennis,17225846,entered,,8,UTR Lincoln M01,1790873109.546,1790873170.679,True,1790873106.646,64.0,True
tennis,17225565,code,8,9,UTR PTT Lincoln Women 01,1790873170.048,1790873230.935,True,1790873211.436,19.5,True
tennis,17163489,dropped,10,,"Porto 2, Portugal, Doubles",1790873170.048,1790873230.935,True,1790873205.622,25.3,True
tennis,17223351,code,8,9,ITF M25 Zaragoza Men Doubles,1790873230.335,1790873291.373,True,1790873244.055,47.3,True
tennis,17225580,code,8,9,UTR PTT Lincoln Women 01,1790873230.335,1790873291.373,True,1790873241.254,50.1,True
tennis,17225564,dropped,10,,UTR PTT Lincoln Women 01,1790873290.677,1790873351.616,True,1790873324.924,26.7,True
tennis,17225862,code,8,9,"ITF W15 Nashville, TN Women",1790873411.221,1790873472.217,True,1790873411.45,60.8,True
tennis,17225867,entered,,8,"ITF W15 Nashville, TN Women Doubles",1790873531.913,1790873593.355,True,1790873541.279,52.1,True
tennis,17225860,code,8,9,"ITF W15 Nashville, TN Women",1790873652.985,1790873713.911,True,1790873664.309,49.6,True
tennis,17225854,entered,,8,ITF W15 Trelew Women,1790873713.207,1790873781.534,True,1790873710.81,70.7,True
tennis,17223337,dropped,8,,ITF W35 Baza Women,1790873713.207,1790873781.534,True,1790873720.391,61.1,True
tennis,17225864,code,8,9,"ITF W15 Nashville, TN Women",1790873780.854,1790873834.74,True,1790873803.79,30.9,True
tennis,17225848,code,8,9,ITF W15 Trelew Women,1790873780.854,1790873834.74,True,1790873764.102,70.6,True
tennis,17163486,dropped,9,,"Porto 2, Portugal, Doubles",1790873780.854,1790873834.74,True,1790873807.817,26.9,True
tennis,17223337,entered,,8,ITF W35 Baza Women,1790873894.253,1790873955.758,True,1790873924.379,31.4,True
tennis,17163557,code,8,9,"Colombus, USA Men Singles",1790874014.64,1790874075.916,True,1790874039.535,36.4,True
tennis,17226259,entered,,8,"ITF W100 Templeton, CA Women",1790874316.929,1790874377.498,True,1790874357.101,20.4,True
tennis,17226252,entered,,8,"ITF W100 Templeton, CA Women",1790874437.068,1790874497.978,True,1790874472.434,25.5,True
tennis,17225409,dropped,10,,"ITF M15 Ann Arbor, MI Men ",1790874437.068,1790874497.978,True,1790874446.237,51.7,True
tennis,17225613,code,8,9,UTR Lincoln M01,1790874497.609,1790874558.284,True,1790874516.494,41.8,True
tennis,17225610,entered,,8,UTR PTT Lincoln Women 01,1790874497.609,1790874558.284,True,1790874495.442,62.8,True
tennis,17226256,entered,,8,"ITF W100 Templeton, CA Women",1790874557.587,1790874618.532,True,1790874560.683,57.8,True
tennis,17223342,code,8,9,ITF W35 Reims Women Doubles,1790874678.473,1790874739.229,True,1790874726.347,12.9,True
tennis,17225611,code,8,9,UTR Lincoln M01,1790874678.473,1790874739.229,True,1790874682.148,57.1,True
tennis,17223345,dropped,9,,ITF M25 Zaragoza Men,1790874678.473,1790874739.229,True,1790874677.549,61.7,True
tennis,17163388,dropped,10,,"Mouilleron-Le-Captif, France",1790874798.704,1790874859.939,True,1790874840.459,19.5,True
tennis,17225408,code,8,9,"ITF M15 Ann Arbor, MI Men ",1790874859.534,1790874920.452,True,1790874871.57,48.9,True
tennis,17225899,entered,,8,"ITF W15 Nashville, TN Women Doubles",1790874920.019,1790874980.88,True,1790874949.987,30.9,True
tennis,17226194,code,8,9,"ITF M15 Fayetteville, AR Men",1790874980.286,1790875041.367,True,1790875026.134,15.2,True
tennis,17225565,code,9,10,UTR PTT Lincoln Women 01,1790875100.991,1790875161.93,True,1790875146.376,15.6,True
tennis,17225580,code,9,10,UTR PTT Lincoln Women 01,1790875281.948,1790875343.892,True,1790875290.371,53.5,True
tennis,17225410,entered,,8,"ITF M15 Ann Arbor, MI Men ",1790875403.335,1790875464.962,True,1790875438.342,26.6,True
tennis,17163549,dropped,10,,"Colombus, USA Men Singles",1790875403.335,1790875464.962,True,1790875452.587,12.4,True
tennis,17226186,dropped,9,,"ITF M15 Fayetteville, AR Men",1790875464.579,1790875533.273,True,1790875521.379,11.9,True
tennis,17226190,dropped,9,,"ITF M15 Fayetteville, AR Men",1790875464.579,1790875533.273,True,1790875509.646,23.6,True
tennis,17225867,code,8,9,"ITF W15 Nashville, TN Women Doubles",1790875644.336,1790875751.248,True,1790875734.788,16.5,True
tennis,17225858,dropped,10,,ITF W15 Trelew Women,1790875730.623,1790875765.534,True,1790875753.802,11.7,True
tennis,17225862,code,9,10,"ITF W15 Nashville, TN Women",1790875947.151,1790876006.747,True,1790875984.349,22.4,True
tennis,17226194,dropped,9,,"ITF M15 Fayetteville, AR Men",1790875947.151,1790876006.747,True,1790875994.322,12.4,True
tennis,17223351,dropped,9,,ITF M25 Zaragoza Men Doubles,1790876082.08,1790876128.873,True,1790876094.838,34.0,True
tennis,17223337,code,8,9,ITF W35 Baza Women,1790876128.58,1790876188.172,True,1790876163.693,24.5,True
tennis,17226259,code,8,9,"ITF W100 Templeton, CA Women",1790876187.546,1790876260.366,True,1790876222.507,37.9,True
tennis,17225864,dropped,9,,"ITF W15 Nashville, TN Women",1790876187.546,1790876260.366,True,1790876204.608,55.8,True
tennis,17163556,entered,,8,"Colombus, USA Men Singles",1790876257.774,1790876343.402,True,1790876322.252,21.2,True
tennis,17223348,code,9,10,ITF M25 Zaragoza Men Doubles,1790876326.051,1790876402.81,True,1790876395.598,7.2,True
tennis,17226194,entered,,9,"ITF M15 Fayetteville, AR Men",1790876430.908,1790876492.016,True,1790876467.354,24.7,True
tennis,17225860,code,9,10,"ITF W15 Nashville, TN Women",1790876430.908,1790876492.016,True,1790876442.576,49.4,True
tennis,17225412,code,8,9,"ITF M15 Ann Arbor, MI Men ",1790876491.646,1790876552.386,True,1790876501.839,50.5,True
tennis,17225610,code,8,9,UTR PTT Lincoln Women 01,1790876491.646,1790876552.386,True,1790876523.911,28.5,True
tennis,17226194,dropped,9,,"ITF M15 Fayetteville, AR Men",1790876551.782,1790876612.507,True,1790876467.354,145.2,True
tennis,17163541,entered,,8,"Curitiba, Brazil, Doubles",1790876612.118,1790876673.128,True,1790876661.425,11.7,True
tennis,17225408,dropped,9,,"ITF M15 Ann Arbor, MI Men ",1790876672.075,1790876733.103,True,1790876683.339,49.8,True
tennis,17163557,dropped,9,,"Colombus, USA Men Singles",1790876732.396,1790876793.446,True,1790876754.388,39.1,True
tennis,17226256,code,8,9,"ITF W100 Templeton, CA Women",1790876792.839,1790876853.894,True,1790876802.767,51.1,True
tennis,17226194,entered,,9,"ITF M15 Fayetteville, AR Men",1790876853.245,1790876914.099,True,1790876882.122,32.0,True
tennis,17225414,code,8,9,"ITF M15 Ann Arbor, MI Men ",1790876913.491,1790876974.54,True,1790876951.679,22.9,True
tennis,17225848,dropped,9,,ITF W15 Trelew Women,1790876913.491,1790876974.54,True,1790876959.302,15.2,True
tennis,17225613,dropped,9,,UTR Lincoln M01,1790876913.491,1790876974.54,True,1790876943.519,31.0,True
tennis,17225846,code,8,9,UTR Lincoln M01,1790877094.597,1790877155.792,True,1790877120.391,35.4,True
tennis,17225899,code,8,9,"ITF W15 Nashville, TN Women Doubles",1790877155.45,1790877216.135,True,1790877146.774,69.4,True
tennis,17223348,dropped,10,,ITF M25 Zaragoza Men Doubles,1790877275.748,1790877336.659,True,1790877323.958,12.7,True
tennis,17163408,entered,,8,"Mouilleron-Le-Captif, France, Doubles",1790877336.052,1790877399.385,True,1790877339.435,60.0,True
tennis,17225413,entered,,8,"ITF M15 Ann Arbor, MI Men Doubles",1790877336.052,1790877399.385,True,1790877335.185,64.2,True
tennis,17225780,entered,,8,"ITF M15 Ann Arbor, MI Men Doubles",1790877396.334,1790877457.78,True,1790877426.014,31.8,True
tennis,17223342,dropped,9,,ITF W35 Reims Women Doubles,1790877457.423,1790877518.023,True,1790877494.465,23.6,True
tennis,17163546,entered,,8,"Colombus, USA Men Singles",1790877632.133,1790877673.123,True,1790877642.352,30.8,True
tennis,17225849,entered,,8,ITF W15 Trelew Women,1790877672.482,1790877733.579,True,1790877669.303,64.3,True
tennis,17187383,entered,,8,UTR PTT Newport Beach Men 23,1790877672.482,1790877733.579,True,1790877706.45,27.1,True
tennis,17226247,entered,,8,UTR Lincoln M01,1790877732.872,1790877793.814,True,1790877732.873,60.9,True
tennis,17163384,entered,,8,"Mouilleron-Le-Captif, France",1790877793.126,1790877854.436,True,1790877825.668,28.8,True
tennis,17216177,entered,,8,UTR PTT Newport Beach Women 23,1790877793.126,1790877854.436,True,1790877834.501,19.9,True
tennis,17226194,dropped,9,,"ITF M15 Fayetteville, AR Men",1790877793.126,1790877854.436,True,1790877794.231,60.2,True
basketball,17211701,code,15,30,EYBL U14,1790872055.954,1790872085.099,True,1790872071.739,13.4,True
basketball,17211701,code,30,16,EYBL U14,1790872144.551,1790872205.769,True,1790872151.661,54.1,True
basketball,17149579,code,15,30,Saku I liiga,1790872144.551,1790872205.769,True,1790872164.821,40.9,True
basketball,17174419,code,15,30,FBU Superleague,1790872144.551,1790872205.769,True,1790872133.578,72.2,True
basketball,17225786,code,15,30,CBI U17,1790872204.78,1790872265.982,True,1790872232.464,33.5,True
basketball,17174419,code,30,16,FBU Superleague,1790872204.78,1790872265.982,True,1790872253.593,12.4,True
basketball,17225786,code,30,16,CBI U17,1790872325.274,1790872386.591,True,1790872332.66,53.9,True
basketball,17149579,code,30,16,Saku I liiga,1790872325.274,1790872386.591,True,1790872325.158,61.4,True
basketball,17211700,code,15,30,EYBL U14,1790872446.343,1790872507.544,True,1790872493.908,13.6,True
basketball,17211700,code,30,16,EYBL U14,1790872506.592,1790872568.167,True,1790872513.888,54.3,True
basketball,17060579,code,31,15,Russian Women's Basketball Premier League,1790872506.592,1790872568.167,True,1790872561.39,6.8,True
basketball,17163867,code,14,15,Finland Division 1A Women,1790872627.499,1790872688.63,True,1790872620.637,68.0,True
basketball,17208805,code,14,31,URBO-NKL,1790872687.956,1790872748.852,True,1790872740.35,8.5,True
basketball,17165649,dropped,16,,Championship,1790872748.309,1790872809.19,True,1790872749.163,60.0,True
basketball,17208802,code,14,31,URBO-NKL,1790872808.505,1790872869.474,True,1790872823.151,46.3,True
basketball,17208806,code,14,30,URBO-NKL,1790872868.832,1790872930.129,True,1790872914.047,16.1,True
basketball,17062008,code,15,30,Saku 2 Liiga,1790872928.781,1790872990.366,True,1790872972.898,17.5,True
basketball,17208806,code,30,31,URBO-NKL,1790872928.781,1790872990.366,True,1790872918.096,72.3,True
basketball,17211545,code,15,30,Saku 2 Liiga,1790872989.384,1790873050.984,True,1790872983.878,67.1,True
basketball,17211545,code,30,16,Saku 2 Liiga,1790873050.047,1790873111.218,True,1790873083.876,27.3,True
basketball,17047821,code,14,31,Latvian-Estonian League,1790873110.298,1790873171.615,True,1790873105.764,65.9,True
basketball,17062008,code,30,16,Saku 2 Liiga,1790873110.298,1790873171.615,True,1790873113.224,58.4,True
basketball,17193462,entered,,13,Saku 2 Liiga,1790873110.298,1790873171.615,True,1790873165.523,6.1,True
basketball,17050812,code,14,31,Super League,1790873230.936,1790873292.36,True,1790873243.783,48.6,True
basketball,17208800,code,14,31,URBO-NKL,1790873291.373,1790873352.771,True,1790873309.544,43.2,True
basketball,17208804,code,14,31,URBO-NKL,1790873351.616,1790873412.988,True,1790873384.226,28.8,True
basketball,17050811,code,14,31,Super League,1790873472.218,1790873534.031,True,1790873464.592,69.4,True
basketball,17174420,code,14,31,FBU Superleague,1790873472.218,1790873534.031,True,1790873479.182,54.8,True
basketball,17163867,code,15,16,Finland Division 1A Women,1790873532.587,1790873594.272,True,1790873560.146,34.1,True
basketball,17208798,dropped,16,,URBO-NKL,1790873532.587,1790873594.272,True,1790873545.122,49.1,True
basketball,16670566,code,14,30,Euroleague,1790873593.355,1790873654.606,True,1790873607.256,47.3,True
basketball,17208805,code,31,15,URBO-NKL,1790873653.636,1790873714.85,True,1790873667.233,47.6,True
basketball,17208801,code,14,31,URBO-NKL,1790873713.911,1790873782.433,True,1790873716.841,65.6,True
basketball,17208802,code,31,15,URBO-NKL,1790873713.911,1790873782.433,True,1790873762.376,20.1,True
basketball,17149579,dropped,16,,Saku I liiga,1790873781.534,1790873835.752,True,1790873810.569,25.2,True
basketball,17047821,code,31,30,Latvian-Estonian League,1790873834.74,1790873895.948,True,1790873865.672,30.3,True
basketball,17211700,code,16,30,EYBL U14,1790873834.74,1790873895.948,True,1790873874.621,21.3,True
basketball,17211701,code,16,30,EYBL U14,1790873894.997,1790873956.17,True,1790873932.309,23.9,True
basketball,17208806,code,31,15,URBO-NKL,1790873894.997,1790873956.17,True,1790873914.72,41.4,True
basketball,17060579,code,15,16,Russian Women's Basketball Premier League,1790873894.997,1790873956.17,True,1790873921.97,34.2,True
basketball,17211700,dropped,30,,EYBL U14,1790873894.997,1790873956.17,True,1790873874.621,81.5,True
basketball,17047821,code,30,15,Latvian-Estonian League,1790873955.759,1790874016.462,True,1790874005.919,10.5,True
basketball,17211701,dropped,30,,EYBL U14,1790873955.759,1790874016.462,True,1790873932.309,84.2,True
basketball,17225786,code,16,30,CBI U17,1790874015.44,1790874076.936,True,1790874053.282,23.7,True
basketball,17174419,dropped,16,,FBU Superleague,1790874015.44,1790874076.936,True,1790874035.233,41.7,True
basketball,16561949,entered,,13,"Eurocup, Women",1790874075.916,1790874137.246,True,1790874105.236,32.0,True
basketball,16465731,entered,,13,Austrian Basketball Superliga,1790874075.916,1790874137.246,True,1790874110.915,26.3,True
basketball,16476309,entered,,13,Basketligaen,1790874075.916,1790874137.246,True,1790874104.585,32.7,True
basketball,17225786,dropped,30,,CBI U17,1790874075.916,1790874137.246,True,1790874053.282,84.0,True
basketball,17193462,code,13,30,Saku 2 Liiga,1790874136.25,1790874197.554,True,1790874145.246,52.3,True
basketball,17050812,code,31,15,Super League,1790874136.25,1790874197.554,True,1790874159.879,37.7,True
basketball,17208800,code,31,15,URBO-NKL,1790874196.526,1790874257.917,True,1790874224.745,33.2,True
basketball,16561953,entered,,13,"Eurocup, Women",1790874256.975,1790874318.172,True,1790874265.093,53.1,True
basketball,17175122,entered,,13,Super Cup,1790874256.975,1790874318.172,True,1790874285.215,33.0,True
basketball,17193462,code,30,14,Saku 2 Liiga,1790874256.975,1790874318.172,True,1790874285.325,32.8,True
basketball,17211545,code,16,30,Saku 2 Liiga,1790874317.212,1790874378.477,True,1790874365.014,13.5,True
basketball,17208804,code,31,15,URBO-NKL,1790874317.212,1790874378.477,True,1790874367.18,11.3,True
basketball,17174420,code,31,15,FBU Superleague,1790874317.212,1790874378.477,True,1790874359.223,19.3,True
basketball,17050811,code,31,15,Super League,1790874377.498,1790874438.712,True,1790874380.841,57.9,True
basketball,17211545,dropped,30,,Saku 2 Liiga,1790874377.498,1790874438.712,True,1790874365.014,73.7,True
basketball,16670566,code,30,15,Euroleague,1790874558.284,1790874619.45,True,1790874534.239,85.2,True
basketball,17208801,code,31,15,URBO-NKL,1790874618.533,1790874679.915,True,1790874631.423,48.5,True
basketball,17062008,dropped,16,,Saku 2 Liiga,1790874618.533,1790874679.915,True,1790874617.199,62.7,True
basketball,17208802,code,15,30,URBO-NKL,1790874920.452,1790874981.664,True,1790874967.731,13.9,True
basketball,17208805,code,15,16,URBO-NKL,1790874920.452,1790874981.664,True,1790874917.747,63.9,True
basketball,17163867,dropped,16,,Finland Division 1A Women,1790874920.452,1790874981.664,True,1790874930.333,51.3,True
basketball,17208802,code,30,16,URBO-NKL,1790874980.881,1790875042.104,True,1790874985.0,57.1,True
basketball,17047821,code,15,30,Latvian-Estonian League,1790875041.367,1790875102.37,True,1790875086.43,15.9,True
basketball,17208806,code,15,16,URBO-NKL,1790875101.47,1790875162.852,True,1790875103.36,59.5,True
basketball,16561953,code,13,30,"Eurocup, Women",1790875222.399,1790875283.626,True,1790875264.756,18.9,True
basketball,17047821,code,30,16,Latvian-Estonian League,1790875222.399,1790875283.626,True,1790875246.539,37.1,True
basketball,17178800,entered,,13,Saku I liiga,1790875222.399,1790875283.626,True,1790875278.337,5.3,True
basketball,17060579,dropped,16,,Russian Women's Basketball Premier League,1790875222.399,1790875283.626,True,1790875244.03,39.6,True
basketball,16561949,code,13,30,"Eurocup, Women",1790875343.892,1790875404.717,True,1790875343.658,61.1,True
basketball,16465731,code,13,14,Austrian Basketball Superliga,1790875343.892,1790875404.717,True,1790875374.201,30.5,True
basketball,16561953,code,30,14,"Eurocup, Women",1790875403.956,1790875465.909,True,1790875384.685,81.2,True
basketball,16476309,code,13,30,Basketligaen,1790875403.956,1790875465.909,True,1790875443.222,22.7,True
basketball,16561949,code,30,14,"Eurocup, Women",1790875464.963,1790875534.153,True,1790875484.212,49.9,True
basketball,17208800,code,15,16,URBO-NKL,1790875533.274,1790875585.805,True,1790875578.457,7.3,True
basketball,17208804,code,15,16,URBO-NKL,1790875584.931,1790875646.196,True,1790875629.159,17.0,True
basketball,17211702,entered,,13,EYBL U14,1790875645.127,1790875753.259,False,,,True
basketball,17175122,code,13,30,Super Cup,1790875645.127,1790875753.259,True,1790875645.576,107.7,True
basketball,16476309,code,30,14,Basketligaen,1790875645.127,1790875753.259,True,1790875643.235,110.0,True
basketball,17050812,code,15,16,Super League,1790875645.127,1790875753.259,True,1790875694.806,58.5,True
basketball,17174420,code,15,30,FBU Superleague,1790875751.248,1790875766.491,True,1790875740.046,26.4,True
basketball,17175122,code,30,14,Super Cup,1790875765.534,1790875826.788,True,1790875805.447,21.3,True
basketball,17193462,code,14,31,Saku 2 Liiga,1790875765.534,1790875826.788,True,1790875765.945,60.8,True
basketball,17174420,code,30,16,FBU Superleague,1790875765.534,1790875826.788,True,1790875780.137,46.7,True
basketball,17193462,code,31,30,Saku 2 Liiga,1790875825.868,1790875887.25,True,1790875825.535,61.7,True
basketball,17050811,code,15,16,Super League,1790875825.868,1790875887.25,True,1790875869.833,17.4,True
basketball,17225787,entered,,13,CBI U17,1790875886.317,1790875948.437,True,1790875908.984,39.5,True
basketball,17208801,code,15,30,URBO-NKL,1790875886.317,1790875948.437,True,1790875889.672,58.8,True
basketball,17208801,code,30,16,URBO-NKL,1790876006.747,1790876115.94,True,1790876069.326,46.6,True
basketball,16670566,code,15,30,Euroleague,1790876188.172,1790876262.406,True,1790876190.297,72.1,True
basketball,16670566,code,30,16,Euroleague,1790876260.366,1790876345.196,True,1790876326.051,19.1,True
basketball,17178800,code,13,30,Saku I liiga,1790876492.016,1790876553.208,True,1790876518.177,35.0,True
basketball,17208802,dropped,16,,URBO-NKL,1790876492.016,1790876553.208,True,1790876527.964,25.2,True
basketball,17178800,code,30,14,Saku I liiga,1790876612.507,1790876673.686,True,1790876658.652,15.0,True
basketball,17193462,code,30,15,Saku 2 Liiga,1790876612.507,1790876673.686,True,1790876626.526,47.2,True
basketball,16476309,code,14,31,Basketligaen,1790876673.128,1790876734.098,True,1790876683.54,50.6,True
basketball,17157553,entered,,13,WASL Final 8,1790876733.103,1790876794.425,True,1790876728.505,65.9,True
basketball,17211702,code,13,30,EYBL U14,1790876793.446,1790876854.731,True,1790876825.476,29.3,True
basketball,17225787,code,13,30,CBI U17,1790876793.446,1790876854.731,True,1790876809.283,45.4,True
basketball,17208800,dropped,16,,URBO-NKL,1790876793.446,1790876854.731,True,1790876793.682,61.0,True
basketball,16561949,code,14,31,"Eurocup, Women",1790876853.894,1790876915.109,True,1790876844.168,70.9,True
basketball,16561953,code,14,31,"Eurocup, Women",1790876853.894,1790876915.109,True,1790876885.378,29.7,True
basketball,17047821,code,16,30,Latvian-Estonian League,1790876853.894,1790876915.109,True,1790876867.464,47.6,True
basketball,17211702,code,30,14,EYBL U14,1790876853.894,1790876915.109,True,1790876886.098,29.0,True
basketball,17225787,code,30,14,CBI U17,1790876914.099,1790876975.605,True,1790876929.811,45.8,True
basketball,16465731,code,14,15,Austrian Basketball Superliga,1790876974.54,1790877035.875,True,1790876974.289,61.6,True
basketball,17047821,code,30,40,Latvian-Estonian League,1790877034.996,1790877096.161,True,1790877027.361,68.8,True
basketball,17208806,code,16,40,URBO-NKL,1790877034.996,1790877096.161,True,1790877046.493,49.7,True
basketball,17208805,dropped,16,,URBO-NKL,1790877095.198,1790877156.811,True,1790877082.937,73.9,True
basketball,17174420,dropped,16,,FBU Superleague,1790877276.45,1790877337.637,True,1790877285.986,51.7,True
basketball,17208801,dropped,16,,URBO-NKL,1790877336.66,1790877400.325,True,1790877353.906,46.4,True
basketball,17175122,code,14,31,Super Cup,1790877399.385,1790877458.766,True,1790877406.132,52.6,True
basketball,17050812,dropped,16,,Super League,1790877399.385,1790877458.766,True,1790877427.032,31.7,True
basketball,17050811,dropped,16,,Super League,1790877399.385,1790877458.766,True,1790877453.679,5.1,True
basketball,17208804,dropped,16,,URBO-NKL,1790877457.78,1790877519.015,True,1790877465.251,53.8,True
basketball,16476309,code,31,15,Basketligaen,1790877518.023,1790877633.878,True,1790877603.704,30.2,True
basketball,16738304,entered,,13,Germany BBL,1790877632.936,1790877674.151,True,1790877642.552,31.6,True
basketball,16561949,code,31,30,"Eurocup, Women",1790877673.123,1790877734.517,True,1790877723.817,10.7,True
basketball,16561953,code,31,15,"Eurocup, Women",1790877673.123,1790877734.517,True,1790877722.73,11.8,True
basketball,17220548,entered,,13,Liga e Parë,1790877673.123,1790877734.517,True,1790877704.816,29.7,True
basketball,16670569,entered,,13,Euroleague,1790877733.579,1790877795.128,True,1790877626.022,169.1,True
basketball,16561949,code,30,15,"Eurocup, Women",1790877733.579,1790877795.128,True,1790877785.08,10.0,True
basketball,17157553,code,13,30,WASL Final 8,1790877733.579,1790877795.128,True,1790877783.685,11.4,True
basketball,17211702,code,14,31,EYBL U14,1790877733.579,1790877795.128,True,1790877741.904,53.2,True
basketball,17178800,code,14,31,Saku I liiga,1790877793.814,1790877855.352,True,1790877818.734,36.6,True
