pattern,sports,page_types,in_repo,label,reason,response_keys,statuses,cache_control,live_repeat_s,requests,example
/country/alpha2,american-football aussie-rules badminton bandy baseball basketball beach-volley beach-volley international cricket cycling darts esports floorball football futsal handball ice-hockey minifootball mma motorsport padel rugby snooker table-tennis tennis unknown volleyball waterpolo,category driver event event-live fight-night fighter home player rankings sport sport-finished sport-live stage team tournament tournament-tab:Biten,no,none,reklam/bahis/medya/sosyal/yapılandırma; maç verisi değil,alpha2 city continent_code country f ip region_code,200:97 403:5 None:2,"no-store, no-cache, must-revalidate, max-age=0",,104,
/config/country-sport-priorities/country,american-football aussie-rules badminton bandy baseball basketball beach-volley beach-volley international cricket cycling darts esports floorball football futsal handball ice-hockey minifootball mma motorsport padel rugby snooker table-tennis tennis unknown volleyball waterpolo,category driver event event-live fight-night fighter home player rankings sport sport-finished sport-live stage team tournament tournament-tab:Biten,no,none,reklam/bahis/medya/sosyal/yapılandırma; maç verisi değil,countrySportPriorities,200:94 403:4 None:2,"public, s-maxage=86400",,100,research/all_sports/samples/american-football/config-country-sport-priorities-country__1.json
/sport/{id}/event-count,american-football aussie-rules badminton bandy baseball basketball beach-volley beach-volley international cricket cycling darts esports floorball football futsal handball ice-hockey minifootball mma motorsport padel rugby snooker table-tennis tennis unknown volleyball waterpolo waterpolo croatia,category category-tab:Puan durumu date-picker driver event event-live event-tab:H2H event-tab:İstatistikler fight-night fighter home player rankings search sport sport-competitions sport-finished sport-live sport-odds stage stage-tab:Eleme stage-tab:En Hızlı Tur stage-tab:Lastikler team tournament tournament-tab:Biten tournament-tab:Ev sahibi tournament-tab:Tarihe göre tournament-tab:İstatistikler,no,live,"{sport: {live,total}}: spor başına canlı/toplam sayaç",aussie-rules badminton baseball basketball cricket darts esports floorball football futsal handball ice-hockey minifootball padel rugby snooker table-tennis tennis volleyball waterpolo,200:162 None:7 403:4,"max-age=10, public",22.0,173,research/all_sports/samples/football/sport-id-event-count__1.json
/sport/{sport}/categories/all,american-football aussie-rules badminton bandy baseball basketball beach-volley cricket darts esports floorball football futsal handball ice-hockey minifootball padel rugby snooker table-tennis tennis unknown volleyball waterpolo,category home search sport sport-finished sport-live,no,historical,sezon/takım/oyuncu toplu verisi,categories,200:46 403:2 None:2,"max-age=3600, public",,50,research/all_sports/samples/american-football/sport-sport-categories-all__1.json
/sport/{sport}/live-tournaments,american-football aussie-rules badminton bandy baseball basketball beach-volley cricket darts esports floorball football futsal handball ice-hockey minifootball padel rugby snooker table-tennis tennis unknown volleyball waterpolo,date-picker home sport sport-competitions sport-finished sport-live sport-odds,no,live,canlı turnuva/kategori kimlikleri ve sayıları,liveTournaments,200:72 None:3 403:1,"max-age=60, public, s-maxage=3600",,76,research/all_sports/samples/american-football/sport-sport-live-tournaments__1.json
/transfer,football unknown,home sport,no,none,reklam/bahis/medya/sosyal/yapılandırma; maç verisi değil,transfers,200:6 None:2,"max-age=60, public",,8,research/all_sports/samples/football/transfer__1.json
/sport/{sport}/trending-top-players,basketball football unknown,home sport,no,none,reklam/bahis/medya/sosyal/yapılandırma; maç verisi değil,topPlayers,200:6 None:2 403:1,"max-age=60, public, s-maxage=1800",,9,research/all_sports/samples/basketball/sport-sport-trending-top-players__1.json
/config/top-unique-tournaments/{id}/{sport},football unknown,home sport,no,none,reklam/bahis/medya/sosyal/yapılandırma; maç verisi değil,,404:5 None:2 403:1,,,8,research/all_sports/samples/football/config-top-unique-tournaments-id-football__1.json
/trending/events/{cc}/all,american-football aussie-rules badminton bandy baseball basketball beach-volley beach-volley international cricket cycling darts esports floorball football futsal handball ice-hockey minifootball mma motorsport padel rugby snooker table-tennis tennis unknown volleyball waterpolo,category driver event event-live event-tab:AI İçgörüleri event-tab:İstatistikler fight-night fighter home player rankings search sport sport-finished sport-live stage team tournament tournament-tab:Tarihe göre,no,none,reklam/bahis/medya/sosyal/yapılandırma; maç verisi değil,events,200:86 403:3 None:3,"max-age=60, public",,92,research/all_sports/samples/american-football/trending-events-cc-all__1.json
/config/country-sport-priorities/country/{cc},american-football aussie-rules badminton bandy baseball basketball beach-volley beach-volley international cricket cycling darts esports floorball football futsal handball ice-hockey minifootball mma motorsport padel rugby snooker table-tennis tennis unknown volleyball waterpolo,category driver event event-live event-tab:AI İçgörüleri event-tab:İstatistikler fight-night fighter home player rankings search sport sport-finished sport-live stage team tournament tournament-tab:Tarihe göre,no,none,reklam/bahis/medya/sosyal/yapılandırma; maç verisi değil,countrySportPriorities,200:80 404:6 403:3 None:3,"public, s-maxage=86400",,92,research/all_sports/samples/american-football/config-country-sport-priorities-country-cc__1.json
/config/default-unique-tournaments/{cc}/{sport},american-football aussie-rules badminton bandy baseball basketball beach-volley cricket darts esports floorball football futsal handball ice-hockey minifootball padel rugby snooker table-tennis tennis unknown volleyball waterpolo,home sport sport-finished sport-live,no,none,reklam/bahis/medya/sosyal/yapılandırma; maç verisi değil,uniqueTournaments,200:49 None:3 403:1,"max-age=1800, public",,53,research/all_sports/samples/american-football/config-default-unique-tournaments-cc-sport__1.json
/sport/{sport}/scheduled-tournaments/{date}/page/{id},american-football aussie-rules badminton bandy baseball basketball beach-volley cricket darts esports floorball football futsal handball ice-hockey minifootball padel rugby snooker table-tennis tennis unknown volleyball waterpolo,home sport sport-competitions sport-finished sport-live,research: /sport/{sport}/scheduled-tournaments/{ds}/page/{page},historical,tarih/tur/sezon bazlı maç listeleri,hasNextPage scheduled,200:41 None:2 403:1,"max-age=10, public, s-maxage=900",,44,research/all_sports/samples/football/sport-sport-scheduled-tournaments-date-page-id__1.json
/config/top-unique-tournaments/{cc}/{sport},bandy beach-volley football unknown,home sport sport-competitions,no,none,reklam/bahis/medya/sosyal/yapılandırma; maç verisi değil,uniqueTournaments,200:10 None:3 403:1,"max-age=1800, public",,14,research/all_sports/samples/bandy/config-top-unique-tournaments-cc-sport__1.json
/event/newly-added-events,american-football aussie-rules badminton bandy baseball basketball beach-volley beach-volley international cricket cycling darts esports floorball football futsal handball ice-hockey minifootball mma motorsport padel rugby snooker table-tennis tennis unknown volleyball waterpolo,category driver event event-live event-tab:AI İçgörüleri event-tab:İstatistikler fight-night fighter home player search sport sport-competitions sport-finished sport-live stage team tournament tournament-tab:Tarihe göre,no,none,reklam/bahis/medya/sosyal/yapılandırma; maç verisi değil,events,200:74 403:3 None:1,"max-age=60, public, s-maxage=600",,78,research/all_sports/samples/american-football/event-newly-added-events__1.json
/dsp/country/{cc},american-football aussie-rules badminton bandy baseball basketball beach-volley cricket cycling darts esports floorball football futsal handball ice-hockey minifootball mma motorsport padel rugby snooker table-tennis tennis unknown volleyball waterpolo,category driver event event-live event-tab:İstatistikler fight-night fighter home player search sport sport-competitions sport-finished sport-live stage team tournament tournament-tab:Tarihe göre,no,none,reklam/bahis/medya/sosyal/yapılandırma; maç verisi değil,ads,200:62 404:5 403:3 None:1,"max-age=60, public, s-maxage=60",,71,research/all_sports/samples/american-football/dsp-country-cc__1.json
/odds/providers/{cc}/web,american-football aussie-rules badminton bandy baseball basketball beach-volley beach-volley international cricket cycling darts floorball football futsal handball minifootball mma motorsport padel rugby snooker table-tennis tennis unknown volleyball waterpolo,category driver event event-live event-tab:İstatistikler fight-night fighter home player sport sport-competitions sport-finished sport-live stage team tournament tournament-tab:Tarihe göre,no,none,reklam/bahis/medya/sosyal/yapılandırma; maç verisi değil,providers,200:64 403:2 None:1,"max-age=3600, public, s-maxage=86400",,67,research/all_sports/samples/american-football/odds-providers-cc-web__1.json
/branding/providers/{cc}/web,american-football aussie-rules badminton bandy baseball basketball beach-volley beach-volley international cricket cycling darts esports floorball football futsal handball minifootball mma motorsport padel rugby snooker table-tennis tennis unknown volleyball waterpolo,category driver event event-live event-tab:İstatistikler fight-night fighter home player sport sport-competitions sport-finished sport-live stage team tournament tournament-tab:Tarihe göre,no,none,reklam/bahis/medya/sosyal/yapılandırma; maç verisi değil,,404:62 403:1 None:1,,,64,research/all_sports/samples/american-football/branding-providers-cc-web__1.json
/odds/providers/{cc}/web-odds,american-football aussie-rules badminton bandy baseball basketball beach-volley beach-volley international cricket cycling floorball football futsal handball mma motorsport snooker tennis unknown,category driver event event-live event-tab:İstatistikler fight-night fighter home player sport sport-competitions sport-finished sport-live stage team tournament tournament-tab:Tarihe göre,no,none,reklam/bahis/medya/sosyal/yapılandırma; maç verisi değil,providers,200:41 None:2 403:1,"max-age=3600, public, s-maxage=86400",,44,research/all_sports/samples/american-football/odds-providers-cc-web-odds__1.json
/odds/providers/{cc}/web-featured,american-football bandy basketball beach-volley cricket cycling floorball football mma motorsport snooker tennis unknown,category driver event event-live event-tab:H2H event-tab:İstatistikler fight-night fighter home player sport sport-finished sport-live stage team tournament tournament-tab:Tarihe göre,no,none,reklam/bahis/medya/sosyal/yapılandırma; maç verisi değil,providers,200:27 None:6 403:1,"max-age=3600, public, s-maxage=86400",,34,research/all_sports/samples/american-football/odds-providers-cc-web-featured__1.json
/token/captcha,basketball football futsal handball table-tennis tennis volleyball,event home sport tournament,no,none,reklam/bahis/medya/sosyal/yapılandırma; maç verisi değil,,200:14,"no-cache, private",,14,research/all_sports/samples/football/token-captcha__1.json
/unique-tournament/{id}/seasons,football,home sport sport-listen sport-live tournament tournament-tab:Tarihe göre,src: /unique-tournament/{league_id}/seasons,historical,sezon/takım/oyuncu toplu verisi,seasons,200:50 None:16,"max-age=60, public, s-maxage=60",,66,research/all_sports/samples/football/unique-tournament-id-seasons__1.json
/unique-tournament/{id}/scheduled-events/{date},aussie-rules badminton baseball basketball cricket darts floorball football futsal ice-hockey minifootball padel rugby snooker table-tennis tennis volleyball waterpolo,event home sport sport-competitions sport-finished sport-listen sport-live sport-odds,research: /unique-tournament/{key[0]}/scheduled-events/{key[1]},historical,tarih/tur/sezon bazlı maç listeleri,events,200:129,"max-age=10, public, s-maxage=86400",,129,research/all_sports/samples/football/unique-tournament-id-scheduled-events-date__1.json
/unique-tournament/{id}/season/{id}/player-of-the-season-race,football,home sport sport-finished sport-live tournament,no,none,reklam/bahis/medya/sosyal/yapılandırma; maç verisi değil,playerOfTheTournament statisticsType topPlayers,200:36 404:5 None:1,"max-age=60, public, s-maxage=3600",,42,research/all_sports/samples/football/unique-tournament-id-season-id-player-of-the-season-race__1.json
/odds/{id}/featured-events-by-popularity/{sport},american-football aussie-rules badminton bandy baseball basketball beach-volley cricket darts esports floorball football futsal handball ice-hockey minifootball padel rugby snooker table-tennis tennis unknown volleyball waterpolo,category home sport sport-competitions sport-finished sport-live,no,none,reklam/bahis/medya/sosyal/yapılandırma; maç verisi değil,featuredEvents,200:40 None:3,"max-age=60, public, s-maxage=3600",,43,research/all_sports/samples/american-football/odds-id-featured-events-by-popularity-sport__1.json
/odds/{id}/featured-events/{sport},american-football aussie-rules badminton bandy baseball basketball beach-volley cricket darts esports floorball football futsal handball ice-hockey minifootball padel rugby snooker table-tennis tennis unknown volleyball waterpolo,category home sport sport-competitions sport-finished sport-live,no,none,reklam/bahis/medya/sosyal/yapılandırma; maç verisi değil,featuredEvents,200:42 None:4,"max-age=60, public, s-maxage=3600",,46,research/all_sports/samples/american-football/odds-id-featured-events-sport__1.json
/event/{id}/odds/{id}/featured,american-football aussie-rules badminton baseball basketball cricket darts floorball football futsal handball minifootball mma padel rugby snooker table-tennis tennis volleyball waterpolo,date-picker event event-live event-tab:AI İçgörüleri event-tab:H2H event-tab:İstatistikler player search sport sport-competitions sport-finished sport-listen sport-live sport-odds team tournament tournament-tab:İstatistikler,no,none,reklam/bahis/medya/sosyal/yapılandırma; maç verisi değil,featured hasMoreOdds liveStreamUrl,200:172 None:42 404:27 403:4,"max-age=5, public, s-maxage=86400",25.1,245,research/all_sports/samples/american-football/event-id-odds-id-featured__1.json
/event/{id}/votes,american-football aussie-rules badminton baseball basketball cricket darts esports floorball football futsal handball ice-hockey minifootball mma rugby snooker table-tennis tennis volleyball waterpolo,date-picker event event-live sport sport-competitions sport-finished sport-listen sport-live,no,none,reklam/bahis/medya/sosyal/yapılandırma; maç verisi değil,bothTeamsToScoreVote firstTeamToScoreVote vote whoShouldHaveWonVote,200:79 None:6 403:1 404:1,"max-age=60, public, s-maxage=60",,87,research/all_sports/samples/american-football/event-id-votes__1.json
/event/{id}/odds/{id}/all,baseball basketball cricket football mma padel snooker table-tennis tennis,event event-live event-tab:AI İçgörüleri sport sport-competitions sport-finished sport-listen sport-live sport-odds,no,none,reklam/bahis/medya/sosyal/yapılandırma; maç verisi değil,eventId liveStreamUrl markets,200:50 None:28 404:4,"public, s-maxage=43200",66.1,82,research/all_sports/samples/football/event-id-odds-id-all__1.json
/event/{id},american-football aussie-rules badminton baseball basketball cricket darts esports floorball football futsal handball ice-hockey mma padel snooker tennis volleyball waterpolo,date-picker event event-live event-tab:H2H sport sport-competitions sport-finished sport-listen sport-live sport-odds,src: /event/{eid},settlement+live,"event{status{type,code}, homeScore, awayScore, winnerCode, changes}: tek maçın kesin durumu; canlı sayfada ~17.1 sn arayla yeniden çekiliyor",event,200:89 403:2,"max-age=10, public, s-maxage=172800",17.1,91,research/all_sports/samples/football/event-id__1.json
/sport/{sport}/events/live,aussie-rules badminton bandy beach-volley esports football snooker tennis,sport-live,src: /sport/{self.sport}/events/live,live,"events[] tüm canlı maçlar, status+skor",events,200:12,"max-age=5, public, s-maxage=5, stale-while-revalidate=60",,12,research/all_sports/samples/football/sport-sport-events-live__1.json
/sport/{sport}/finished-upcoming-tournaments/{date},american-football darts football handball ice-hockey volleyball,sport-finished,no,historical,tarih/tur/sezon bazlı maç listeleri,finished upcoming,200:6,"max-age=60, public, s-maxage=300",,6,research/all_sports/samples/football/sport-sport-finished-upcoming-tournaments-date__1.json
www.sofascore.com/_next/data/{build}/tr/betting-tips-today.json,football,sport-odds,no,none,reklam/bahis/medya/sosyal/yapılandırma; maç verisi değil,,200:1,"public, max-age=3600, s-maxage=604800",,1,
/odds/{id}/dropping/{sport},football,sport-competitions sport-odds,no,none,reklam/bahis/medya/sosyal/yapılandırma; maç verisi değil,,None:4 200:4 404:1,"max-age=60, public, s-maxage=60",,9,
/odds/{id}/high-value-streaks,football,sport-competitions,no,none,reklam/bahis/medya/sosyal/yapılandırma; maç verisi değil,general head2head,200:1,"max-age=60, public, s-maxage=120",,1,research/all_sports/samples/football/odds-id-high-value-streaks__1.json
/odds/{id}/top-h2h/all,football,sport-competitions,no,none,reklam/bahis/medya/sosyal/yapılandırma; maç verisi değil,events h2hMap,200:1,"max-age=60, public, s-maxage=60",,1,research/all_sports/samples/football/odds-id-top-h2h-all__1.json
/odds/top-team-streaks/wins/all,football,sport-competitions,no,none,reklam/bahis/medya/sosyal/yapılandırma; maç verisi değil,topTeamStreaks,200:1,"max-age=60, public, s-maxage=60",,1,research/all_sports/samples/football/odds-top-team-streaks-wins-all__1.json
/odds/{id}/dropping/all,football,sport-competitions,no,none,reklam/bahis/medya/sosyal/yapılandırma; maç verisi değil,events oddsMap,200:1,"max-age=60, public, s-maxage=60",,1,research/all_sports/samples/football/odds-id-dropping-all__1.json
/odds/{id}/winning/all,football,sport-competitions,no,none,reklam/bahis/medya/sosyal/yapılandırma; maç verisi değil,events oddsMap winningOddsMap,200:1,"max-age=60, public, s-maxage=60",,1,research/all_sports/samples/football/odds-id-winning-all__1.json
/event/{id}/team-streaks/betting-odds/{id},baseball basketball football mma tennis,event event-live event-tab:AI İçgörüleri event-tab:H2H sport-competitions,no,none,reklam/bahis/medya/sosyal/yapılandırma; maç verisi değil,general head2head,404:6 None:4 200:2,"max-age=3600, public",,12,research/all_sports/samples/baseball/event-id-team-streaks-betting-odds-id__1.json
/event/{id}/odds/{id}/changes,football,sport-competitions,no,none,reklam/bahis/medya/sosyal/yapılandırma; maç verisi değil,changedOdds,200:1,"max-age=60, public, s-maxage=3600",,1,research/all_sports/samples/football/event-id-odds-id-changes__1.json
/team/{id}/team-statistics/seasons,basketball football tennis,event event-live event-tab:H2H player team,no,historical,sezon/takım/oyuncu toplu verisi,,None:30 200:26,"max-age=60, public, s-maxage=14400",5.8,56,
/event/{id}/ai-insights/tr,football tennis,event event-live,no,none,reklam/bahis/medya/sosyal/yapılandırma; maç verisi değil,,None:7 404:4 200:2,"max-age=10, public, s-maxage=7200",,13,
/team/{id}/unique-tournament/{id}/season/{id}/statistics/overall,basketball football tennis,event event-live event-tab:H2H,no,historical,sezon/takım/oyuncu toplu verisi,,None:29 404:21 200:4,"max-age=60, public, s-maxage=3600",,54,
/event/{id}/graph/win-probability,american-football bandy baseball basketball cricket darts esports floorball football futsal handball ice-hockey minifootball mma padel rugby snooker table-tennis tennis volleyball waterpolo,event event-live,no,historical,maç detayı; canlı sayfada tekrar çekilen bölümler live sütununda,,None:26 404:25 403:1,,,52,
/event/{id}/at-bats,american-football bandy baseball basketball cricket darts esports floorball football futsal handball ice-hockey minifootball mma padel rugby snooker table-tennis tennis volleyball waterpolo,event event-live,no,historical,maç detayı; canlı sayfada tekrar çekilen bölümler live sütununda,,None:26 404:24 200:1 403:1,"max-age=10, public, s-maxage=7200",,52,
/event/{id}/official-tweets,american-football bandy baseball basketball cricket darts esports floorball football futsal handball ice-hockey minifootball mma padel rugby snooker table-tennis tennis volleyball waterpolo,event event-live event-tab:İstatistikler,no,none,reklam/bahis/medya/sosyal/yapılandırma; maç verisi değil,,None:36 404:32 200:2 403:1,"max-age=60, public, s-maxage=36000",,71,research/all_sports/samples/football/event-id-official-tweets__1.json
/event/{id}/highlights,american-football bandy baseball basketball cricket darts esports floorball football futsal handball ice-hockey minifootball mma padel rugby snooker table-tennis tennis volleyball waterpolo,event event-live event-tab:İstatistikler,no,none,reklam/bahis/medya/sosyal/yapılandırma; maç verisi değil,,None:36 404:24 200:10 403:1,"max-age=3600, public",,71,research/all_sports/samples/football/event-id-highlights__1.json
/event/{id}/live-match-tracker,esports football snooker tennis,event event-live,no,historical+live,maç detayı; canlı sayfada tekrar çekilen bölümler live sütununda; canlı sayfada ~21.3 sn arayla yeniden çekiliyor,,None:20 404:10 200:7,"max-age=1800, public, s-maxage=1800",21.3,37,
/event/{id}/lineups,american-football baseball basketball cricket esports football futsal handball ice-hockey minifootball rugby volleyball,event event-live event-tab:H2H event-tab:Kadrolar event-tab:İstatistikler,src: /event/{match_id}/lineups,historical,maç detayı; canlı sayfada tekrar çekilen bölümler live sütununda,,None:25 200:21 404:9 403:2,"max-age=10, public, s-maxage=3600",,57,research/all_sports/samples/football/event-id-lineups__1.json
/tournament/{id}/season/{id}/standings/total,american-football bandy baseball basketball cricket darts esports floorball football futsal handball ice-hockey minifootball mma padel snooker table-tennis tennis volleyball waterpolo,event event-live,no,historical,sezon/takım/oyuncu toplu verisi,,None:25 404:16 200:9 403:1,"max-age=60, public, s-maxage=7200",,51,research/all_sports/samples/american-football/tournament-id-season-id-standings-total__1.json
/event/{id}/statistics,american-football basketball cricket darts esports football futsal ice-hockey minifootball mma padel snooker tennis,event event-live event-tab:İstatistikler,src: /event/{match_id}/statistics,historical+live,maç detayı; canlı sayfada tekrar çekilen bölümler live sütununda; canlı sayfada ~12.0 sn arayla yeniden çekiliyor,,200:36 None:29 404:5 403:1,"max-age=10, public, s-maxage=172800",12.0,71,research/all_sports/samples/football/event-id-statistics__1.json
/unique-tournament/{id}/season/{id}/cuptrees,american-football aussie-rules bandy baseball basketball cricket darts esports floorball football futsal handball ice-hockey minifootball mma padel snooker tennis volleyball waterpolo,event event-live event-tab:Eleme aşaması tournament tournament-tab:Biten,no,historical,tarih/tur/sezon bazlı maç listeleri,,None:44 404:28 200:14 403:1,"max-age=60, public, s-maxage=3600",26.6,87,research/all_sports/samples/basketball/unique-tournament-id-season-id-cuptrees__1.json
/event/{id}/incidents,american-football bandy basketball cricket floorball football futsal handball ice-hockey volleyball waterpolo,event event-live event-tab:İstatistikler,src: /event/{match_id}/incidents,historical+live,maç detayı; canlı sayfada tekrar çekilen bölümler live sütununda; canlı sayfada ~15.1 sn arayla yeniden çekiliyor,away home incidents,200:17 404:5 None:2 403:1,"max-age=10, public, s-maxage=172800",15.1,25,research/all_sports/samples/football/event-id-incidents__1.json
/event/{id}/player-of-the-match,football,event event-live,no,historical,maç detayı; canlı sayfada tekrar çekilen bölümler live sütununda,closeTimestamp openTimestamp options status totalVotes,200:5 404:4,"max-age=60, public, s-maxage=60",,9,research/all_sports/samples/football/event-id-player-of-the-match__1.json
/event/{id}/pregame-form,american-football baseball basketball cricket darts esports floorball football futsal handball ice-hockey mma padel snooker tennis volleyball waterpolo,event event-live,src: /event/{match_id}/pregame-form,historical,maç detayı; canlı sayfada tekrar çekilen bölümler live sütununda,awayTeam homeTeam label,404:19 200:2 403:1,"max-age=60, public, s-maxage=9600",,22,research/all_sports/samples/american-football/event-id-pregame-form__1.json
/tv/event/{id}/country-channels,american-football baseball basketball cricket darts esports floorball football futsal handball ice-hockey mma padel snooker tennis volleyball waterpolo,event event-live,no,none,reklam/bahis/medya/sosyal/yapılandırma; maç verisi değil,countryChannels,404:12 200:8 403:1,"max-age=10, public, s-maxage=3600",,21,research/all_sports/samples/american-football/tv-event-id-country-channels__1.json
/sofascore-news/en/event/{id}/posts/{id},american-football baseball basketball cricket darts esports floorball football futsal handball ice-hockey mma padel snooker tennis volleyball waterpolo,event event-live event-tab:İstatistikler,no,none,reklam/bahis/medya/sosyal/yapılandırma; maç verisi değil,<list>,200:22 403:1,"max-age=60, public, s-maxage=43200",,23,research/all_sports/samples/american-football/sofascore-news-en-event-id-posts-id__1.json
/event/{id}/h2h,baseball basketball esports football tennis waterpolo,event event-live event-tab:AI İçgörüleri event-tab:H2H,src: /event/{match_id}/h2h,historical,maç detayı; canlı sayfada tekrar çekilen bölümler live sütununda,managerDuel teamDuel,200:7 None:2,"max-age=3600, public",,9,research/all_sports/samples/baseball/event-id-h2h__1.json
/event/{customId}/h2h/events,baseball basketball football mma snooker tennis,event event-tab:AI İçgörüleri event-tab:H2H sport,no,none,sınıflandırılmadı; yanıt anahtarlarına bakınız,events,200:6 None:1,"max-age=3600, public",,7,research/all_sports/samples/baseball/event-customid-h2h-events__1.json
/team/{id}/events/last/{id},american-football aussie-rules baseball basketball football handball mma snooker tennis,event event-live event-tab:AI İçgörüleri event-tab:H2H fighter player sport team,no,historical,tarih/tur/sezon bazlı maç listeleri,events hasNextPage statisticsMap,200:17 None:2,"max-age=60, public, s-maxage=7200",,19,research/all_sports/samples/football/team-id-events-last-id__1.json
/team/{id}/events/next/{id},american-football aussie-rules baseball basketball football handball mma snooker tennis,event event-live event-tab:AI İçgörüleri event-tab:H2H fighter player sport team,no,historical,tarih/tur/sezon bazlı maç listeleri,events hasNextPage statisticsMap,200:11 404:6 None:2,"max-age=60, public, s-maxage=7200",,19,research/all_sports/samples/american-football/team-id-events-next-id__1.json
/event/{id}/team-streaks,baseball basketball football mma tennis,event event-live event-tab:AI İçgörüleri event-tab:H2H,src: /event/{match_id}/team-streaks,historical,maç detayı; canlı sayfada tekrar çekilen bölümler live sütununda,general head2head,200:6 None:2,"max-age=3600, public",,8,research/all_sports/samples/baseball/event-id-team-streaks__1.json
/team/{id}/unique-tournament/{id}/season/{id}/goal-distributions,baseball basketball esports football mma,event event-live event-tab:H2H,no,historical,sezon/takım/oyuncu toplu verisi,,404:11 None:4,,,15,research/all_sports/samples/baseball/team-id-unique-tournament-id-season-id-goal-distributions__1.json
/event/{id}/ai-insights-postmatch/tr,football tennis,event,no,none,reklam/bahis/medya/sosyal/yapılandırma; maç verisi değil,,None:3 404:2 200:1,"max-age=10, public, s-maxage=86400",,6,
/event/{id}/best-players/summary,football,event,no,historical,maç detayı; canlı sayfada tekrar çekilen bölümler live sütununda,bestAwayTeamPlayers bestHomeTeamPlayers leaderboard playerOfTheMatch,200:3,"max-age=60, public, s-maxage=86400",,3,research/all_sports/samples/football/event-id-best-players-summary__1.json
/event/{id}/media/summary/country/{cc},american-football baseball basketball cricket esports football mma padel tennis waterpolo,event event-live event-tab:AI İçgörüleri event-tab:İstatistikler,no,none,reklam/bahis/medya/sosyal/yapılandırma; maç verisi değil,highlightedItem mediaItems,200:6 404:6 403:1,"max-age=30, public, s-maxage=86400",,13,research/all_sports/samples/american-football/event-id-media-summary-country-cc__1.json
/event/{id}/managers,baseball basketball cricket esports football handball tennis waterpolo,event event-live event-tab:AI İçgörüleri event-tab:H2H event-tab:Kadrolar event-tab:İstatistikler,no,historical,maç detayı; canlı sayfada tekrar çekilen bölümler live sütununda,awayManager homeManager,200:7 404:5 None:1,"max-age=60, public, s-maxage=86400",,13,research/all_sports/samples/baseball/event-id-managers__1.json
/event/{id}/graph,american-football basketball football,event event-live event-tab:İstatistikler,no,historical,maç detayı; canlı sayfada tekrar çekilen bölümler live sütununda,graphPoints overtimeCount overtimeLength periodCount periodTime,200:3 404:1 403:1,"max-age=10, public, s-maxage=7200",,5,research/all_sports/samples/football/event-id-graph__1.json
/event/{id}/sport-video-highlights/country/{cc}/extended,football,event event-tab:İstatistikler,no,none,reklam/bahis/medya/sosyal/yapılandırma; maç verisi değil,,404:2,,,2,research/all_sports/samples/football/event-id-sport-video-highlights-country-cc-extended__1.json
/event/{id}/average-positions,football handball,event,no,historical,maç detayı; canlı sayfada tekrar çekilen bölümler live sütununda,,None:2 200:2 404:1,"max-age=10, public, s-maxage=3600",,5,research/all_sports/samples/football/event-id-average-positions__1.json
/fantasy/event/{id},football,event,no,none,reklam/bahis/medya/sosyal/yapılandırma; maç verisi değil,,404:1,,,1,research/all_sports/samples/football/fantasy-event-id__1.json
/event/{id}/provider/{id}/winning-odds,american-football baseball basketball cricket football handball mma padel tennis waterpolo,event event-live event-tab:H2H event-tab:İstatistikler fighter,no,none,reklam/bahis/medya/sosyal/yapılandırma; maç verisi değil,,None:18 200:14 404:6 403:1,"max-age=3600, public",41.1,39,research/all_sports/samples/baseball/event-id-provider-id-winning-odds__1.json
/event/{id}/heatmap/{id},football,event-tab:H2H event-tab:İstatistikler,no,historical,maç detayı; canlı sayfada tekrar çekilen bölümler live sütununda,goalkeeperPoints playerPoints,200:2,"max-age=10, public, s-maxage=3600",,2,research/all_sports/samples/football/event-id-heatmap-id__1.json
/event/{id}/shotmap,football,event-tab:H2H,no,historical,maç detayı; canlı sayfada tekrar çekilen bölümler live sütununda,shotmap,200:1,"max-age=10, public, s-maxage=3600",,1,research/all_sports/samples/football/event-id-shotmap__1.json
/team/{id}/player-statistics/seasons,american-football football handball ice-hockey,team,no,historical,sezon/takım/oyuncu toplu verisi,,None:5 200:5,"max-age=60, public, s-maxage=14400",,10,
/team/{id}/standings/seasons,american-football aussie-rules bandy football handball ice-hockey,team,no,historical,sezon/takım/oyuncu toplu verisi,,200:8 None:6,"max-age=60, public, s-maxage=14400",,14,research/all_sports/samples/football/team-id-standings-seasons__1.json
/team/{id}/featured-event,american-football football handball tennis,player team,no,none,sınıflandırılmadı; yanıt anahtarlarına bakınız,featuredEvent,200:4,"max-age=3600, public, s-maxage=86400",,4,research/all_sports/samples/american-football/team-id-featured-event__1.json
/team/{id}/media/summary/country/{cc},american-football football handball tennis,player team,no,none,reklam/bahis/medya/sosyal/yapılandırma; maç verisi değil,mediaItems,200:2 404:2,"max-age=10, public, s-maxage=43200",,4,research/all_sports/samples/american-football/team-id-media-summary-country-cc__1.json
/team/{id},american-football football handball tennis,player team,no,historical,varlık meta verisi,editorEntity pregameForm team,200:4,"max-age=3600, public",,4,research/all_sports/samples/american-football/team-id__1.json
/offers/banner/team/{id}/{cc}/tr,american-football football handball tennis,player team,no,none,reklam/bahis/medya/sosyal/yapılandırma; maç verisi değil,banners,200:4,"max-age=3600, public, s-maxage=86400",,4,research/all_sports/samples/american-football/offers-banner-team-id-cc-tr__1.json
/sofascore-news/en/team/{id}/posts/{id},american-football football handball tennis,player team,no,none,reklam/bahis/medya/sosyal/yapılandırma; maç verisi değil,<list>,200:4,"max-age=60, public, s-maxage=43200",,4,research/all_sports/samples/american-football/sofascore-news-en-team-id-posts-id__1.json
/team/{id}/unique-tournaments/all,american-football football handball waterpolo croatia,category team,no,historical,sezon/takım/oyuncu toplu verisi,uniqueTournaments,200:3 404:1,"max-age=86400, public, s-maxage=604800",,4,research/all_sports/samples/football/team-id-unique-tournaments-all__1.json
/team/{id}/performance,american-football football,team,no,historical,sezon/takım/oyuncu toplu verisi,events points,200:2,"max-age=10, public, s-maxage=86400",,2,research/all_sports/samples/football/team-id-performance__1.json
/team/{id}/official-tweets,football,team,no,none,reklam/bahis/medya/sosyal/yapılandırma; maç verisi değil,,404:1,,,1,research/all_sports/samples/football/team-id-official-tweets__1.json
/team/{id}/media/videos,football,team,no,none,reklam/bahis/medya/sosyal/yapılandırma; maç verisi değil,,404:1,,,1,research/all_sports/samples/football/team-id-media-videos__1.json
/fantasy/player/{id}/competitions,football,player,no,none,reklam/bahis/medya/sosyal/yapılandırma; maç verisi değil,,None:1 200:1,"max-age=60, public, s-maxage=86400",,2,
/player/{id}/statistics/seasons,football,player,no,historical,sezon/takım/oyuncu toplu verisi,,None:1 200:1,"max-age=60, public, s-maxage=3600",,2,
/player/{id}/events/last/{id},football,player,no,historical,tarih/tur/sezon bazlı maç listeleri,events hasNextPage incidentsMap onBenchMap playedForTeamMap statisticsMap,200:4 None:1,"max-age=10, public, s-maxage=3600",,5,research/all_sports/samples/football/player-id-events-last-id__1.json
/player/{id}/statistics,football,player,no,historical,sezon/takım/oyuncu toplu verisi,,None:1 200:1,"max-age=3600, public, s-maxage=86400",,2,
/player/{id}/attribute-overviews,football,player,no,historical,sezon/takım/oyuncu toplu verisi,averageAttributeOverviews playerAttributeOverviews sportSlug,200:2,"max-age=600, public, s-maxage=86400",,2,research/all_sports/samples/football/player-id-attribute-overviews__1.json
/sofascore-news/en/player/{id}/posts/{id},football,player,no,none,reklam/bahis/medya/sosyal/yapılandırma; maç verisi değil,<list>,200:1,"max-age=60, public, s-maxage=43200",,1,research/all_sports/samples/football/sofascore-news-en-player-id-posts-id__1.json
/player/{id}/characteristics,football,player,no,historical,sezon/takım/oyuncu toplu verisi,negative positions positive,200:1,"max-age=60, public, s-maxage=3600",,1,research/all_sports/samples/football/player-id-characteristics__1.json
/player/{id}/national-team-statistics,football,player,no,historical,sezon/takım/oyuncu toplu verisi,statistics,200:1,"max-age=600, public, s-maxage=86400",,1,research/all_sports/samples/football/player-id-national-team-statistics__1.json
/player/{id},football,player,no,historical,varlık meta verisi,player,200:1,"max-age=10, public, s-maxage=7200",,1,research/all_sports/samples/football/player-id__1.json
/offers/banner/player/{id}/{cc}/tr,football,player,no,none,reklam/bahis/medya/sosyal/yapılandırma; maç verisi değil,banners,200:1,"max-age=3600, public, s-maxage=86400",,1,research/all_sports/samples/football/offers-banner-player-id-cc-tr__1.json
/player/{id}/media/summary/country/{cc},football,player,no,none,reklam/bahis/medya/sosyal/yapılandırma; maç verisi değil,itemsCount mediaItems,200:1,"max-age=10, public, s-maxage=43200",,1,research/all_sports/samples/football/player-id-media-summary-country-cc__1.json
/player/{id}/media,football,player,no,none,reklam/bahis/medya/sosyal/yapılandırma; maç verisi değil,media,200:1,"max-age=10, public, s-maxage=3600",,1,research/all_sports/samples/football/player-id-media__1.json
/player/{id}/media/videos,football,player,no,none,reklam/bahis/medya/sosyal/yapılandırma; maç verisi değil,,404:1,,,1,research/all_sports/samples/football/player-id-media-videos__1.json
/player/{id}/unique-tournaments,football,player,no,historical,sezon/takım/oyuncu toplu verisi,uniqueTournaments,200:1,"max-age=3600, public, s-maxage=14400",,1,research/all_sports/samples/football/player-id-unique-tournaments__1.json
/unique-tournament/{id}/media,american-football aussie-rules bandy football handball tennis,tournament tournament-tab:Biten tournament-tab:Tarihe göre,no,none,reklam/bahis/medya/sosyal/yapılandırma; maç verisi değil,,200:12 None:8 404:1,"max-age=60, public, s-maxage=3600",,21,research/all_sports/samples/american-football/unique-tournament-id-media__1.json
/unique-tournament/{id}/season/{id}/player-of-the-season,american-football aussie-rules bandy football handball tennis,tournament tournament-tab:Biten,no,none,reklam/bahis/medya/sosyal/yapılandırma; maç verisi değil,,None:9 404:9,,,18,
/unique-tournament/{id}/season/{id}/standings/total,american-football aussie-rules bandy football handball tennis,tournament tournament-tab:Biten tournament-tab:Tarihe göre,no,historical,sezon/takım/oyuncu toplu verisi,,None:17 200:15 404:4,"max-age=60, public, s-maxage=7200",,36,research/all_sports/samples/football/unique-tournament-id-season-id-standings-total__1.json
/unique-tournament/{id}/season/{id}/statistics/info,football,tournament tournament-tab:İstatistikler,no,historical,sezon/takım/oyuncu toplu verisi,,None:2 200:2 404:1,"max-age=3600, public, s-maxage=86400",,5,research/all_sports/samples/football/unique-tournament-id-season-id-statistics-info__1.json
/unique-tournament/{id}/featured-events,american-football aussie-rules bandy football handball tennis,tournament tournament-tab:Biten,no,none,sınıflandırılmadı; yanıt anahtarlarına bakınız,featuredEvents,200:8,"max-age=60, public, s-maxage=60",,8,research/all_sports/samples/american-football/unique-tournament-id-featured-events__1.json
/odds/season/{id}/provider/{id}/all,football,tournament tournament-tab:Ev sahibi tournament-tab:Tarihe göre tournament-tab:İstatistikler,no,none,reklam/bahis/medya/sosyal/yapılandırma; maç verisi değil,markets,200:4 404:1 None:1,"max-age=60, public, s-maxage=3600",,6,research/all_sports/samples/football/odds-season-id-provider-id-all__1.json
/unique-tournament/{id}/season/{id}/editors,american-football aussie-rules bandy football handball tennis,tournament tournament-tab:Biten,no,none,reklam/bahis/medya/sosyal/yapılandırma; maç verisi değil,,404:9,,,9,research/all_sports/samples/american-football/unique-tournament-id-season-id-editors__1.json
/unique-tournament/{id}/season/{id}/info,american-football aussie-rules bandy esports football handball tennis,event-live tournament tournament-tab:Tarihe göre,no,historical,sezon/takım/oyuncu toplu verisi,info,200:7 404:2,"max-age=3600, public",,9,research/all_sports/samples/american-football/unique-tournament-id-season-id-info__1.json
/unique-tournament/{id}/season/{id}/power-rankings/rounds,american-football aussie-rules bandy football handball tennis,tournament tournament-tab:Tarihe göre,no,none,reklam/bahis/medya/sosyal/yapılandırma; maç verisi değil,,404:8,,,8,research/all_sports/samples/american-football/unique-tournament-id-season-id-power-rankings-rounds__1.json
/unique-tournament/{id},american-football aussie-rules bandy football handball mma tennis,fight-night tournament tournament-tab:Tarihe göre,no,historical,varlık meta verisi,uniqueTournament,200:12,"max-age=3600, public, s-maxage=3600",,12,research/all_sports/samples/american-football/unique-tournament-id__1.json
/unique-tournament/{id}/season/{id}/team-of-the-period/periods/rated,american-football aussie-rules bandy football handball tennis,tournament tournament-tab:Tarihe göre,no,none,reklam/bahis/medya/sosyal/yapılandırma; maç verisi değil,periods,404:7 200:1,"max-age=60, public, s-maxage=3600",,8,research/all_sports/samples/american-football/unique-tournament-id-season-id-team-of-the-period-periods-rated__1.json
/unique-tournament/{id}/season/{id}/player-statistics/types,american-football football handball,tournament tournament-tab:Tarihe göre,no,historical,sezon/takım/oyuncu toplu verisi,types,200:4 404:1,"max-age=60, public, s-maxage=3600",,5,research/all_sports/samples/football/unique-tournament-id-season-id-player-statistics-types__1.json
/unique-tournament/{id}/season/{id}/team-statistics/types,football handball tennis,tournament tournament-tab:Tarihe göre,no,historical,sezon/takım/oyuncu toplu verisi,types,200:4 404:1,"max-age=60, public, s-maxage=3600",,5,research/all_sports/samples/football/unique-tournament-id-season-id-team-statistics-types__1.json
/unique-tournament/{id}/season/{id}/rounds,american-football aussie-rules bandy football handball tennis,tournament tournament-tab:Tarihe göre,src: /unique-tournament/{league_id}/season/{season_id}/rounds,historical,tarih/tur/sezon bazlı maç listeleri,,200:12 None:11 404:1,"max-age=3600, public, s-maxage=3600",,24,research/all_sports/samples/football/unique-tournament-id-season-id-rounds__1.json
/unique-tournament/{id}/season/{id}/groups,american-football aussie-rules bandy football handball tennis,team tournament tournament-tab:Tarihe göre,no,historical,sezon/takım/oyuncu toplu verisi,,None:11 404:11,,,22,
/unique-tournament/{id}/season/{id}/venues,american-football bandy football handball tennis,tournament tournament-tab:Tarihe göre,no,historical,sezon/takım/oyuncu toplu verisi,,None:6 200:6,"max-age=7200, public, s-maxage=7200",,12,
/sofascore-news/en/tournament/{id}/posts/{id},american-football football handball tennis,tournament tournament-tab:Tarihe göre,no,none,reklam/bahis/medya/sosyal/yapılandırma; maç verisi değil,<list>,200:5,"max-age=60, public, s-maxage=43200",,5,research/all_sports/samples/american-football/sofascore-news-en-tournament-id-posts-id__1.json
/unique-tournament/{id}/season/{id}/events/last/{id},football,tournament tournament-tab:Ev sahibi tournament-tab:Tarihe göre,src: /unique-tournament/{league_id}/season/{season_id}/events/{kind}/{page},historical,tarih/tur/sezon bazlı maç listeleri,events hasNextPage,200:2 None:1,"max-age=60, public, s-maxage=86400",,3,research/all_sports/samples/football/unique-tournament-id-season-id-events-last-id__1.json
/unique-tournament/{id}/season/{id}/events/next/{id},football,tournament tournament-tab:Ev sahibi tournament-tab:Tarihe göre,src: /unique-tournament/{league_id}/season/{season_id}/events/{kind}/{page},historical,tarih/tur/sezon bazlı maç listeleri,events hasNextPage,200:2 None:1,"max-age=60, public, s-maxage=86400",,3,research/all_sports/samples/football/unique-tournament-id-season-id-events-next-id__1.json
/unique-tournament/{id}/season/{id}/standings/home,american-football bandy football handball,tournament tournament-tab:Tarihe göre,no,historical,sezon/takım/oyuncu toplu verisi,,None:4 200:4,"max-age=60, public, s-maxage=7200",,8,
/translation/description/{id}/language/tr,american-football football handball,tournament tournament-tab:Tarihe göre,no,none,sınıflandırılmadı; yanıt anahtarlarına bakınız,translation,200:6 404:1,"max-age=600, public, s-maxage=604800",,7,research/all_sports/samples/american-football/translation-description-id-language-tr__1.json
/unique-tournament/{id}/season/{id}/team-events/total,american-football football,tournament tournament-tab:Tarihe göre,no,historical,tarih/tur/sezon bazlı maç listeleri,tournamentTeamEvents,200:2,"max-age=60, public, s-maxage=86400",,2,research/all_sports/samples/football/unique-tournament-id-season-id-team-events-total__1.json
/unique-tournament/{id}/season/{id}/team/{id}/team-performance-graph-data,football,tournament-tab:Tarihe göre,no,historical,sezon/takım/oyuncu toplu verisi,graphData,200:2,"max-age=604800, public",,2,research/all_sports/samples/football/unique-tournament-id-season-id-team-id-team-performance-graph-data__1.json
/team-of-the-period/{id},football,tournament-tab:Tarihe göre,no,none,reklam/bahis/medya/sosyal/yapılandırma; maç verisi değil,formation players,200:1,"max-age=60, public, s-maxage=3600",,1,research/all_sports/samples/football/team-of-the-period-id__1.json
/unique-tournament/{id}/season/{id}/top-teams/overall,football,tournament-tab:İstatistikler,no,historical,sezon/takım/oyuncu toplu verisi,statisticsType topTeams,200:1,"max-age=60, public, s-maxage=7200",,1,research/all_sports/samples/football/unique-tournament-id-season-id-top-teams-overall__1.json
/unique-tournament/{id}/season/{id}/top-players/overall,football,tournament-tab:İstatistikler,no,historical,sezon/takım/oyuncu toplu verisi,statisticsType topPlayers,200:1,"max-age=60, public, s-maxage=7200",,1,research/all_sports/samples/football/unique-tournament-id-season-id-top-players-overall__1.json
/unique-tournament/{id}/season/{id}/top-players-per-game/all/overall,football,tournament-tab:İstatistikler,no,historical,sezon/takım/oyuncu toplu verisi,statisticsType topPlayers,200:1,"max-age=3600, public",,1,research/all_sports/samples/football/unique-tournament-id-season-id-top-players-per-game-all-overall__1.json
/unique-tournament/{id}/season/{id}/statistics,football,tournament-tab:İstatistikler,no,historical,sezon/takım/oyuncu toplu verisi,page pages results,200:1,"max-age=10, public, s-maxage=60",,1,research/all_sports/samples/football/unique-tournament-id-season-id-statistics__1.json
/search/suggestions/default,aussie-rules football,search,no,none,reklam/bahis/medya/sosyal/yapılandırma; maç verisi değil,results,200:1 403:1,"max-age=1800, public, s-maxage=7200",,2,research/all_sports/samples/aussie-rules/search-suggestions-default__1.json
/search/all,aussie-rules football,search,no,historical,arama: varlık kimliği bulma,results,200:1 403:1,"max-age=10, public, s-maxage=3600",,2,research/all_sports/samples/football/search-all__1.json
/event/rbbsfic/h2h/events,football,event-live,no,none,sınıflandırılmadı; yanıt anahtarlarına bakınız,events,200:1 None:1,"max-age=3600, public",,2,research/all_sports/samples/football/event-rbbsfic-h2h-events__1.json
/event/{id}/best-players,american-football basketball,event,no,historical,maç detayı; canlı sayfada tekrar çekilen bölümler live sütununda,bestAwayTeamPlayer bestHomeTeamPlayer,200:1 403:1,"max-age=60, public, s-maxage=86400",,2,research/all_sports/samples/basketball/event-id-best-players__1.json
/unique-tournament/{id}/season/{id}/shot-action-areas/event/overall,basketball,event-tab:İstatistikler,no,historical,sezon/takım/oyuncu toplu verisi,,404:1,,,1,research/all_sports/samples/basketball/unique-tournament-id-season-id-shot-action-areas-event-overall__1.json
/event/{id}/point-by-point,darts tennis,event event-live,src: /event/{match_id}/point-by-point,historical+live,maç detayı; canlı sayfada tekrar çekilen bölümler live sütununda; canlı sayfada ~21.0 sn arayla yeniden çekiliyor,pointByPoint,200:7,"max-age=0, public, s-maxage=86400",21.0,7,research/all_sports/samples/tennis/event-id-point-by-point__1.json
/team/{id}/rankings,tennis,event event-live,no,historical,sezon/takım/oyuncu toplu verisi,rankings,200:4,"max-age=10, public, s-maxage=60",,4,research/all_sports/samples/tennis/team-id-rankings__1.json
/rankings/{id},tennis,rankings,no,historical,sezon/takım/oyuncu toplu verisi,,None:2 200:2,"max-age=10, public, s-maxage=3600",,4,
/rankings/type/{id}/featured-events,tennis,rankings,no,historical,sezon/takım/oyuncu toplu verisi,featuredEvents,200:1,"max-age=60, public, s-maxage=60",,1,research/all_sports/samples/tennis/rankings-type-id-featured-events__1.json
/sport/{sport}/categories,aussie-rules bandy beach-volley cycling motorsport waterpolo,category sport sport-competitions stage,no,historical,sezon/takım/oyuncu toplu verisi,categories,200:9,"max-age=3600, public",,9,research/all_sports/samples/aussie-rules/sport-sport-categories__1.json
/calendar/{month}/{id}/{sport}/stages,motorsport,sport,no,historical,tarih/tur/sezon bazlı maç listeleri,dailyStages,200:1,"max-age=120, public, s-maxage=1800",,1,research/all_sports/samples/motorsport/calendar-2026-10-id-sport-stages__1.json
/stage/sport/{sport}/scheduled/{date},motorsport,sport,no,historical,"çok yarışmacılı model (motor sporu, bisiklet): stage/substage, sıralama",stages,200:1,"max-age=10, public, s-maxage=86400",,1,research/all_sports/samples/motorsport/stage-sport-sport-scheduled-date__1.json
/unique-stage/{id}/seasons,cycling motorsport,category sport stage,no,historical,sezon/takım/oyuncu toplu verisi,seasons,200:4,"max-age=60, public, s-maxage=3600",,4,research/all_sports/samples/motorsport/unique-stage-id-seasons__1.json
/stage/{id}/standings/competitor,cycling mma motorsport,category category-tab:Puan durumu category-tab:Sonuçlar driver fight-night sport stage,no,historical,"çok yarışmacılı model (motor sporu, bisiklet): stage/substage, sıralama",standings,200:10 None:4 404:1,"max-age=60, public, s-maxage=600",,15,research/all_sports/samples/motorsport/stage-id-standings-competitor__1.json
/stage/{id}/highlights,cycling motorsport,category sport stage,no,none,reklam/bahis/medya/sosyal/yapılandırma; maç verisi değil,,None:4 200:3 404:1,"max-age=60, public, s-maxage=600",,8,
/tv/stage/{id}/country-channels,motorsport,category,no,none,reklam/bahis/medya/sosyal/yapılandırma; maç verisi değil,,200:2 None:1,"max-age=10, public, s-maxage=3600",,3,research/all_sports/samples/motorsport/tv-stage-id-country-channels__1.json
/stage/{id}/substages,cycling motorsport,category category-tab:Sonuçlar sport stage stage-tab:Yarış Akışı,no,historical,"çok yarışmacılı model (motor sporu, bisiklet): stage/substage, sıralama",stages,200:13 None:4,"max-age=60, public, s-maxage=600",,17,research/all_sports/samples/motorsport/stage-id-substages__1.json
/odds/stage/{id}/provider/{id}/all,cycling motorsport,category category-tab:Sonuçlar sport stage stage-tab:Eleme stage-tab:En Hızlı Tur stage-tab:Lastikler stage-tab:Yarış Akışı,no,none,reklam/bahis/medya/sosyal/yapılandırma; maç verisi değil,markets stage,200:9 404:2,"max-age=60, public, s-maxage=3600",,11,research/all_sports/samples/cycling/odds-stage-id-provider-id-all__1.json
/stage/{id}/extended,cycling motorsport,category sport stage,no,historical,"çok yarışmacılı model (motor sporu, bisiklet): stage/substage, sıralama",stage,200:4,"max-age=60, public, s-maxage=600",,4,research/all_sports/samples/motorsport/stage-id-extended__1.json
/sofascore-news/en/stage/{id}/posts/{id},motorsport,category,no,none,reklam/bahis/medya/sosyal/yapılandırma; maç verisi değil,<list>,200:1,"max-age=60, public, s-maxage=43200",,1,research/all_sports/samples/motorsport/sofascore-news-en-stage-id-posts-id__1.json
/tv/channel/{id}/stage/{id}/votes,motorsport,category,no,none,reklam/bahis/medya/sosyal/yapılandırma; maç verisi değil,tvChannelVotes,200:1,"max-age=10, public, s-maxage=3600",,1,research/all_sports/samples/motorsport/tv-channel-id-stage-id-votes__1.json
/stage/{id}/standings/team,motorsport,category-tab:Puan durumu,no,historical,"çok yarışmacılı model (motor sporu, bisiklet): stage/substage, sıralama",,None:1 200:1,"max-age=60, public, s-maxage=600",,2,
/stage/{id}/driver-performance,motorsport,stage stage-tab:Yarış Akışı,no,historical,"çok yarışmacılı model (motor sporu, bisiklet): stage/substage, sıralama",,200:2 None:1,"max-age=60, public, s-maxage=600",,3,research/all_sports/samples/motorsport/stage-id-driver-performance__1.json
/odds/stage/{id}/provider/{id}/featured,motorsport,stage,no,none,reklam/bahis/medya/sosyal/yapılandırma; maç verisi değil,featured hasMoreOdds,200:1,"max-age=5, public, s-maxage=60",,1,research/all_sports/samples/motorsport/odds-stage-id-provider-id-featured__1.json
/team/{id}/stage-seasons,motorsport,driver,no,historical,sezon/takım/oyuncu toplu verisi,stageSeasons,200:1,"max-age=60, public, s-maxage=3600",,1,research/all_sports/samples/motorsport/team-id-stage-seasons__1.json
/team/{id}/stage-season/{id}/races,motorsport,driver,no,historical,sezon/takım/oyuncu toplu verisi,races,200:2,"max-age=60, public, s-maxage=3600",,2,research/all_sports/samples/motorsport/team-id-stage-season-id-races__1.json
/odds/team/{id}/provider/{id},motorsport,driver,no,none,reklam/bahis/medya/sosyal/yapılandırma; maç verisi değil,markets stage,200:2,"max-age=60, public, s-maxage=3600",,2,research/all_sports/samples/motorsport/odds-team-id-provider-id__1.json
/category/{id}/unique-tournaments,aussie-rules bandy mma,category fight-night search sport,no,historical,sezon/takım/oyuncu toplu verisi,groups,200:4 403:1,"max-age=3600, public",,5,research/all_sports/samples/mma/category-id-unique-tournaments__1.json
/sport/{sport}/main-events/{date}/extended,mma,sport,no,historical,tarih/tur/sezon bazlı maç listeleri,events,200:2,"max-age=10, public, s-maxage=86400",,2,research/all_sports/samples/mma/sport-sport-main-events-date-extended__1.json
/calendar/{month}/{id}/{sport}/unique-tournaments,mma,sport,no,historical,tarih/tur/sezon bazlı maç listeleri,dailyUniqueTournaments,200:1,"max-age=120, public, s-maxage=1800",,1,research/all_sports/samples/mma/calendar-2026-10-id-sport-unique-tournaments__1.json
/unique-tournament/{id}/main-events/next/{id},mma,fight-night,no,historical,tarih/tur/sezon bazlı maç listeleri,,200:4 None:2,"max-age=10, public, s-maxage=3600",,6,research/all_sports/samples/mma/unique-tournament-id-main-events-next-id__1.json
/tournament/{id}/media,mma,fight-night,no,none,reklam/bahis/medya/sosyal/yapılandırma; maç verisi değil,,None:2 404:2,,,4,
/unique-tournament/{id}/events/live/{id},mma,fight-night,no,none,sınıflandırılmadı; yanıt anahtarlarına bakınız,,None:2 404:2,,,4,
/rankings/unique-tournament/{id}/summary,mma,fight-night,no,historical,sezon/takım/oyuncu toplu verisi,,None:2 200:2,"max-age=60, public, s-maxage=60",,4,
/unique-tournament/{id}/tournament/{id}/mma-events/all,mma,fight-night,no,historical,tarih/tur/sezon bazlı maç listeleri,events,200:4,"max-age=60, public, s-maxage=60",,4,research/all_sports/samples/mma/unique-tournament-id-tournament-id-mma-events-all__1.json
/calendar/unique-tournament/{id}/{id}/months-with-events,mma,fight-night,no,historical,tarih/tur/sezon bazlı maç listeleri,monthsWithEvents,200:2,"max-age=60, public, s-maxage=14400",,2,research/all_sports/samples/mma/calendar-unique-tournament-id-id-months-with-events__1.json
/unique-tournament/{id}/scheduled-mma-main-events/{month},mma,fight-night-tab:Bitti,no,historical,tarih/tur/sezon bazlı maç listeleri,events,200:1,"max-age=10, public, s-maxage=86400",,1,research/all_sports/samples/mma/unique-tournament-id-scheduled-mma-main-events-2026-09__1.json
/team/{id}/career-statistics,mma,fighter,no,historical,sezon/takım/oyuncu toplu verisi,issued received,200:1,"max-age=10, public, s-maxage=60",,1,research/all_sports/samples/mma/team-id-career-statistics__1.json
/event/{id}/innings,cricket,event event-tab:İstatistikler,no,historical,maç detayı; canlı sayfada tekrar çekilen bölümler live sütununda,,200:2 None:1,"max-age=60, public, s-maxage=3600",,3,research/all_sports/samples/cricket/event-id-innings__1.json
/event/{id}/comments,baseball,event,no,historical,maç detayı; canlı sayfada tekrar çekilen bölümler live sütununda,,None:1 404:1,,,2,
/event/{id}/umpires,baseball,event,no,historical,maç detayı; canlı sayfada tekrar çekilen bölümler live sütununda,,404:1,,,1,research/all_sports/samples/baseball/event-id-umpires__1.json
/event/{id}/weather,baseball,event,no,historical,maç detayı; canlı sayfada tekrar çekilen bölümler live sütununda,,404:1,,,1,research/all_sports/samples/baseball/event-id-weather__1.json
/unique-tournament/{id}/season/{id}/draft,american-football,tournament,no,historical,sezon/takım/oyuncu toplu verisi,,None:1 200:1,"max-age=3600, public, s-maxage=86400",,2,
/tournament/{id}/season/{id}/standings/home,american-football,event,no,historical,sezon/takım/oyuncu toplu verisi,,None:1 403:1,,,2,
/event/{id}/esports-games,esports,event-live,no,historical,maç detayı; canlı sayfada tekrar çekilen bölümler live sütununda,,200:2 None:1,"max-age=3600, public",,3,research/all_sports/samples/esports/event-id-esports-games__1.json
/sport/{sport}/live-categories,bandy beach-volley,sport-competitions,no,live,canlı turnuva/kategori kimlikleri ve sayıları,,404:2,,,2,research/all_sports/samples/bandy/sport-sport-live-categories__1.json
/sport/{sport}/{date}/{id}/categories,bandy beach-volley,sport-competitions,no,historical,sezon/takım/oyuncu toplu verisi,categories,200:2,"max-age=60, public, s-maxage=43200",,2,research/all_sports/samples/bandy/sport-sport-date-id-categories__1.json
/category/{id}/scheduled-events/{date},aussie-rules bandy,category search,no,historical,tarih/tur/sezon bazlı maç listeleri,events,200:1 403:1,"max-age=10, public, s-maxage=86400",,2,research/all_sports/samples/bandy/category-id-scheduled-events-date__1.json
